id,depth,n_node_samples,impurity,value
0,0,13235,0.999973,"[2654,2600,2674,2634,2673]"
1,1,13129,0.999921,"[2550,2600,2672,2634,2673]"
2,2,11716,0.99699,"[1987,2076,2578,2509,2566]"
3,3,2363,0.949126,"[591,324,777,161,510]"
4,4,1739,0.9755,"[428,323,350,160,478]"
5,5,1423,0.967335,"[218,289,290,160,466]"
6,6,976,0.968114,"[113,277,160,146,280]"
7,7,428,0.797067,"[13,217,11,121,66]"
8,8,318,0.805027,"[5,151,8,102,52]"
9,9,209,0.653316,"[1,118,1,83,6]"
10,10,92,0.393431,"[0,74,0,18,0]"
11,11,23,0,"[0,23,0,0,0]"
12,11,69,0.482042,"[0,51,0,18,0]"
13,12,65,0.500592,"[0,47,0,18,0]"
14,13,46,0.567108,"[0,30,0,16,0]"
15,14,34,0.61635,"[0,19,0,15,0]"
16,15,14,0,"[0,0,0,14,0]"
17,15,20,0.11875,"[0,19,0,1,0]"
18,16,4,0.46875,"[0,3,0,1,0]"
19,16,16,0,"[0,16,0,0,0]"
20,14,12,0.190972,"[0,11,0,1,0]"
21,15,9,0,"[0,9,0,0,0]"
22,15,3,0.555556,"[0,2,0,1,0]"
23,13,19,0.235457,"[0,17,0,2,0]"
24,14,9,0.432099,"[0,7,0,2,0]"
25,14,10,0,"[0,10,0,0,0]"
26,12,4,0,"[0,4,0,0,0]"
27,10,117,0.683943,"[1,44,1,65,6]"
28,11,99,0.633099,"[1,29,1,63,5]"
29,12,88,0.60563,"[1,22,1,59,5]"
30,13,27,0.325789,"[0,3,0,23,1]"
31,14,17,0.138408,"[0,1,0,16,0]"
32,15,8,0,"[0,0,0,8,0]"
33,15,9,0.246914,"[0,1,0,8,0]"
34,14,10,0.575,"[0,2,0,7,1]"
35,13,61,0.687315,"[1,19,1,36,4]"
36,14,18,0.779321,"[0,8,0,7,3]"
37,15,9,0.740741,"[0,5,0,2,2]"
38,15,9,0.709876,"[0,3,0,5,1]"
39,14,43,0.59762,"[1,11,1,29,1]"
40,15,2,0.625,"[0,1,0,0,1]"
41,15,41,0.548781,"[1,10,1,29,0]"
42,16,8,0,"[0,8,0,0,0]"
43,16,33,0.277778,"[1,2,1,29,0]"
44,17,32,0.217285,"[0,2,1,29,0]"
45,18,31,0.150885,"[0,2,0,29,0]"
46,19,26,0,"[0,0,0,26,0]"
47,19,5,0.6,"[0,2,0,3,0]"
48,18,1,0,"[0,0,1,0,0]"
49,17,1,0,"[1,0,0,0,0]"
50,12,11,0.578512,"[0,7,0,4,0]"
51,13,4,0,"[0,0,0,4,0]"
52,13,7,0,"[0,7,0,0,0]"
53,11,18,0.362654,"[0,15,0,2,1]"
54,12,10,0.575,"[0,7,0,2,1]"
55,12,8,0,"[0,8,0,0,0]"
56,9,109,0.867983,"[4,33,7,19,46]"
57,10,77,0.785124,"[4,14,2,15,42]"
58,11,26,0.625,"[0,13,0,13,0]"
59,12,5,0,"[0,5,0,0,0]"
60,12,21,0.589569,"[0,8,0,13,0]"
61,13,4,0,"[0,4,0,0,0]"
62,13,17,0.449827,"[0,4,0,13,0]"
63,14,10,0.225,"[0,1,0,9,0]"
64,14,7,0.612245,"[0,3,0,4,0]"
65,11,51,0.390235,"[4,1,2,2,42]"
66,12,47,0.337257,"[2,1,2,2,40]"
67,13,44,0.213068,"[1,0,1,2,40]"
68,14,14,0,"[0,0,0,0,14]"
69,14,30,0.302778,"[1,0,1,2,26]"
70,15,24,0.195312,"[1,0,1,0,22]"
71,16,3,0.555556,"[1,0,0,0,2]"
72,16,21,0.113379,"[0,0,1,0,20]"
73,17,20,0,"[0,0,0,0,20]"
74,17,1,0,"[0,0,1,0,0]"
75,15,6,0.555556,"[0,0,0,2,4]"
76,13,3,0.833333,"[1,1,1,0,0]"
77,12,4,0.625,"[2,0,0,0,2]"
78,10,32,0.739746,"[0,19,5,4,4]"
79,11,22,0.387397,"[0,18,0,3,1]"
80,12,14,0.548469,"[0,10,0,3,1]"
81,13,8,0.585938,"[0,5,0,3,0]"
82,13,6,0.347222,"[0,5,0,0,1]"
83,12,8,0,"[0,8,0,0,0]"
84,11,10,0.8,"[0,1,5,1,3]"
85,8,110,0.734917,"[8,66,3,19,14]"
86,9,39,0.918803,"[2,13,3,11,10]"
87,10,32,0.910645,"[2,11,2,7,10]"
88,11,16,0.703125,"[2,0,2,2,10]"
89,12,14,0.57398,"[1,0,1,2,10]"
90,13,4,0.78125,"[1,0,0,1,2]"
91,13,10,0.425,"[0,0,1,1,8]"
92,12,2,0.625,"[1,0,1,0,0]"
93,11,16,0.537109,"[0,11,0,5,0]"
94,12,9,0.617284,"[0,4,0,5,0]"
95,12,7,0,"[0,7,0,0,0]"
96,10,7,0.714286,"[0,2,1,4,0]"
97,9,71,0.524697,"[6,53,0,8,4]"
98,10,21,0.901361,"[5,8,0,5,3]"
99,11,19,0.879501,"[5,8,0,3,3]"
100,12,11,0.640496,"[0,7,0,3,1]"
101,13,8,0.742188,"[0,4,0,3,1]"
102,13,3,0,"[0,3,0,0,0]"
103,12,8,0.664062,"[5,1,0,0,2]"
104,11,2,0,"[0,0,0,2,0]"
105,10,50,0.232,"[1,45,0,3,1]"
106,11,41,0.172516,"[0,38,0,2,1]"
107,12,33,0.0734618,"[0,32,0,1,0]"
108,13,32,0,"[0,32,0,0,0]"
109,13,1,0,"[0,0,0,1,0]"
110,12,8,0.507812,"[0,6,0,1,1]"
111,11,9,0.462963,"[1,7,0,1,0]"
112,7,548,0.907755,"[100,60,149,25,214]"
113,8,354,0.76333,"[48,55,20,25,206]"
114,9,237,0.661798,"[27,26,11,16,157]"
115,10,165,0.387144,"[8,0,8,13,136]"
116,11,117,0.292388,"[5,0,3,7,102]"
117,12,26,0.443787,"[0,0,0,6,20]"
118,13,25,0.4,"[0,0,0,5,20]"
119,14,15,0.155555,"[0,0,0,1,14]"
120,15,7,0,"[0,0,0,0,7]"
121,15,8,0.273438,"[0,0,0,1,7]"
122,14,10,0.6,"[0,0,0,4,6]"
123,13,1,0,"[0,0,0,1,0]"
124,12,91,0.229743,"[5,0,3,1,82]"
125,13,90,0.208333,"[4,0,3,1,82]"
126,14,58,0.0839775,"[1,0,1,0,56]"
127,15,3,0.555556,"[0,0,1,0,2]"
128,15,55,0.0446282,"[1,0,0,0,54]"
129,16,16,0.146484,"[1,0,0,0,15]"
130,17,8,0,"[0,0,0,0,8]"
131,17,8,0.273438,"[1,0,0,0,7]"
132,16,39,0,"[0,0,0,0,39]"
133,14,32,0.407715,"[3,0,2,1,26]"
134,15,12,0,"[0,0,0,0,12]"
135,15,20,0.59375,"[3,0,2,1,14]"
136,16,4,0.625,"[2,0,0,0,2]"
137,16,16,0.517578,"[1,0,2,1,12]"
138,17,13,0.177515,"[0,0,1,0,12]"
139,18,4,0.46875,"[0,0,1,0,3]"
140,18,9,0,"[0,0,0,0,9]"
141,17,3,0.833333,"[1,0,1,1,0]"
142,13,1,0,"[1,0,0,0,0]"
143,11,48,0.584852,"[3,0,5,6,34]"
144,12,8,0.742188,"[0,0,3,1,4]"
145,12,40,0.517187,"[3,0,2,5,30]"
146,13,31,0.359001,"[2,0,1,2,26]"
147,14,29,0.237812,"[1,0,0,2,26]"
148,15,14,0.306122,"[0,0,0,2,12]"
149,16,6,0,"[0,0,0,0,6]"
150,16,8,0.46875,"[0,0,0,2,6]"
151,15,15,0.155555,"[1,0,0,0,14]"
152,16,9,0,"[0,0,0,0,9]"
153,16,6,0.347222,"[1,0,0,0,5]"
154,14,2,0.625,"[1,0,1,0,0]"
155,13,9,0.833333,"[1,0,1,3,4]"
156,10,72,0.889275,"[19,26,3,3,21]"
157,11,67,0.862664,"[19,25,1,2,20]"
158,12,14,0.420918,"[3,0,0,0,11]"
159,13,11,0,"[0,0,0,0,11]"
160,13,3,0,"[3,0,0,0,0]"
161,12,53,0.819687,"[16,25,1,2,9]"
162,13,33,0.661157,"[8,21,0,2,2]"
163,14,2,0.625,"[1,0,0,0,1]"
164,14,31,0.60614,"[7,21,0,2,1]"
165,15,5,0,"[0,5,0,0,0]"
166,15,26,0.676775,"[7,16,0,2,1]"
167,16,16,0.498047,"[3,12,0,0,1]"
168,17,12,0.364583,"[1,10,0,0,1]"
169,18,1,0,"[1,0,0,0,0]"
170,18,11,0.206611,"[0,10,0,0,1]"
171,19,10,0,"[0,10,0,0,0]"
172,19,1,0,"[0,0,0,0,1]"
173,17,4,0.625,"[2,2,0,0,0]"
174,16,10,0.8,"[4,4,0,2,0]"
175,13,20,0.84375,"[8,4,1,0,7]"
176,14,11,0.805785,"[1,4,1,0,5]"
177,15,10,0.8,"[1,3,1,0,5]"
178,15,1,0,"[0,1,0,0,0]"
179,14,9,0.432099,"[7,0,0,0,2]"
180,11,5,0.9,"[0,1,2,1,1]"
181,9,117,0.898897,"[21,29,9,9,49]"
182,10,45,0.906173,"[15,10,6,0,14]"
183,11,30,0.880556,"[9,4,5,0,12]"
184,12,11,0.640496,"[0,3,1,0,7]"
185,13,3,0,"[0,0,0,0,3]"
186,13,8,0.742188,"[0,3,1,0,4]"
187,12,19,0.8241,"[9,1,4,0,5]"
188,13,7,0.306122,"[6,0,0,0,1]"
189,13,12,0.885417,"[3,1,4,0,4]"
190,14,5,0.6,"[0,0,3,0,2]"
191,14,7,0.867347,"[3,1,1,0,2]"
192,11,15,0.822222,"[6,6,1,0,2]"
193,12,2,0.625,"[0,0,1,0,1]"
194,12,13,0.710059,"[6,6,0,0,1]"
195,13,10,0.675,"[3,6,0,0,1]"
196,13,3,0,"[3,0,0,0,0]"
197,10,72,0.837191,"[6,19,3,9,35]"
198,11,16,0.517578,"[0,1,2,1,12]"
199,12,15,0.422222,"[0,1,2,0,12]"
200,13,14,0.318877,"[0,1,1,0,12]"
201,14,1,0,"[0,1,0,0,0]"
202,14,13,0.177515,"[0,0,1,0,12]"
203,15,12,0,"[0,0,0,0,12]"
204,15,1,0,"[0,0,1,0,0]"
205,13,1,0,"[0,0,1,0,0]"
206,12,1,0,"[0,0,0,1,0]"
207,11,56,0.869738,"[6,18,1,8,23]"
208,12,5,0,"[0,5,0,0,0]"
209,12,51,0.866013,"[6,13,1,8,23]"
210,13,48,0.85395,"[6,10,1,8,23]"
211,14,40,0.765625,"[4,7,1,5,23]"
212,15,17,0.908304,"[3,6,0,5,3]"
213,16,7,0.714286,"[0,1,0,4,2]"
214,16,10,0.8,"[3,5,0,1,1]"
215,15,23,0.297731,"[1,1,1,0,20]"
216,16,4,0.78125,"[1,0,1,0,2]"
217,16,19,0.124654,"[0,1,0,0,18]"
218,17,17,0,"[0,0,0,0,17]"
219,17,2,0.625,"[0,1,0,0,1]"
220,14,8,0.820312,"[2,3,0,3,0]"
221,13,3,0,"[0,3,0,0,0]"
222,8,194,0.604541,"[52,5,129,0,8]"
223,9,153,0.387885,"[22,0,125,0,6]"
224,10,143,0.360776,"[19,0,119,0,5]"
225,11,20,0.64375,"[7,0,12,0,1]"
226,12,6,0.555556,"[4,0,2,0,0]"
227,12,14,0.548469,"[3,0,10,0,1]"
228,13,13,0.473373,"[2,0,10,0,1]"
229,14,9,0,"[0,0,9,0,0]"
230,14,4,0.78125,"[2,0,1,0,1]"
231,13,1,0,"[1,0,0,0,0]"
232,11,123,0.290832,"[12,0,107,0,4]"
233,12,11,0.826446,"[4,0,3,0,4]"
234,13,5,0.6,"[3,0,2,0,0]"
235,13,6,0.625,"[1,0,1,0,4]"
236,12,112,0.165816,"[8,0,104,0,0]"
237,13,100,0.0727501,"[3,0,97,0,0]"
238,14,3,0.555556,"[1,0,2,0,0]"
239,14,97,0.0504836,"[2,0,95,0,0]"
240,15,94,0.0263129,"[1,0,93,0,0]"
241,16,93,0,"[0,0,93,0,0]"
242,16,1,0,"[1,0,0,0,0]"
243,15,3,0.555556,"[1,0,2,0,0]"
244,13,12,0.607639,"[5,0,7,0,0]"
245,14,11,0.578512,"[4,0,7,0,0]"
246,15,4,0,"[0,0,4,0,0]"
247,15,7,0.612245,"[4,0,3,0,0]"
248,14,1,0,"[1,0,0,0,0]"
249,10,10,0.675,"[3,0,6,0,1]"
250,9,41,0.547293,"[30,5,4,0,2]"
251,10,15,0.811111,"[7,5,2,0,1]"
252,11,13,0.843195,"[5,5,2,0,1]"
253,12,3,0.555556,"[2,0,0,0,1]"
254,12,10,0.775,"[3,5,2,0,0]"
255,11,2,0,"[2,0,0,0,0]"
256,10,26,0.262574,"[23,0,2,0,1]"
257,11,4,0.78125,"[1,0,2,0,1]"
258,11,22,0,"[22,0,0,0,0]"
259,6,447,0.856743,"[105,12,130,14,186]"
260,7,55,0.659504,"[32,2,20,0,1]"
261,8,28,0.245536,"[25,1,2,0,0]"
262,9,2,0.625,"[1,1,0,0,0]"
263,9,26,0.177515,"[24,0,2,0,0]"
264,10,23,0,"[23,0,0,0,0]"
265,10,3,0.555556,"[1,0,2,0,0]"
266,8,27,0.606996,"[7,1,18,0,1]"
267,9,25,0.528,"[6,0,18,0,1]"
268,10,13,0.695266,"[5,0,7,0,1]"
269,11,9,0.432099,"[2,0,7,0,0]"
270,11,4,0.46875,"[3,0,0,0,1]"
271,10,12,0.190972,"[1,0,11,0,0]"
272,11,8,0,"[0,0,8,0,0]"
273,11,4,0.46875,"[1,0,3,0,0]"
274,9,2,0.625,"[1,1,0,0,0]"
275,7,392,0.827406,"[73,10,110,14,185]"
276,8,292,0.750639,"[34,6,74,13,165]"
277,9,268,0.701576,"[22,4,68,12,162]"
278,10,89,0.770105,"[10,0,30,4,45]"
279,11,55,0.609091,"[2,0,13,3,37]"
280,12,25,0.788,"[2,0,7,3,13]"
281,13,1,0,"[0,0,0,1,0]"
282,13,24,0.759549,"[2,0,7,2,13]"
283,14,7,0.867347,"[1,0,3,2,1]"
284,14,17,0.553633,"[1,0,4,0,12]"
285,15,7,0.612245,"[0,0,4,0,3]"
286,15,10,0.225,"[1,0,0,0,9]"
287,12,30,0.4,"[0,0,6,0,24]"
288,13,26,0.177515,"[0,0,2,0,24]"
289,14,4,0.46875,"[0,0,1,0,3]"
290,14,22,0.108471,"[0,0,1,0,21]"
291,15,21,0,"[0,0,0,0,21]"
292,15,1,0,"[0,0,1,0,0]"
293,13,4,0,"[0,0,4,0,0]"
294,11,34,0.79801,"[8,0,17,1,8]"
295,12,30,0.836111,"[8,0,13,1,8]"
296,13,8,0.664062,"[5,0,2,0,1]"
297,13,22,0.785124,"[3,0,11,1,7]"
298,14,8,0.820312,"[3,0,3,0,2]"
299,14,14,0.67602,"[0,0,8,1,5]"
300,15,7,0.561225,"[0,0,1,1,5]"
301,15,7,0,"[0,0,7,0,0]"
302,12,4,0,"[0,0,4,0,0]"
303,10,179,0.650885,"[12,4,38,8,117]"
304,11,38,0.91759,"[9,3,13,2,11]"
305,12,7,0.561225,"[0,0,1,1,5]"
306,12,31,0.897503,"[9,3,12,1,6]"
307,13,7,0.612245,"[0,0,3,0,4]"
308,13,24,0.868056,"[9,3,9,1,2]"
309,14,3,0,"[3,0,0,0,0]"
310,14,21,0.878685,"[6,3,9,1,2]"
311,15,13,0.724852,"[2,1,8,1,1]"
312,16,2,0.625,"[1,0,0,0,1]"
313,16,11,0.557851,"[1,1,8,1,0]"
314,17,9,0.246914,"[0,0,8,1,0]"
315,17,2,0.625,"[1,1,0,0,0]"
316,15,8,0.820312,"[4,2,1,0,1]"
317,11,141,0.501358,"[3,1,25,6,106]"
318,12,116,0.431778,"[2,0,18,4,92]"
319,13,15,0.622222,"[0,0,8,0,7]"
320,14,7,0.306122,"[0,0,1,0,6]"
321,14,8,0.273438,"[0,0,7,0,1]"
322,13,101,0.349966,"[2,0,10,4,85]"
323,14,100,0.33425,"[2,0,9,4,85]"
324,15,86,0.138251,"[1,0,0,4,81]"
325,16,2,0.625,"[1,0,0,1,0]"
326,16,84,0.0860969,"[0,0,0,3,81]"
327,17,56,0.126754,"[0,0,0,3,53]"
328,18,50,0.0490001,"[0,0,0,1,49]"
329,19,7,0.306122,"[0,0,0,1,6]"
330,19,43,0,"[0,0,0,0,43]"
331,18,6,0.555556,"[0,0,0,2,4]"
332,17,28,0,"[0,0,0,0,28]"
333,15,14,0.625,"[1,0,9,0,4]"
334,16,6,0.763889,"[1,0,2,0,3]"
335,16,8,0.273438,"[0,0,7,0,1]"
336,14,1,0,"[0,0,1,0,0]"
337,12,25,0.748,"[1,1,7,2,14]"
338,13,10,0.85,"[1,1,5,2,1]"
339,13,15,0.288889,"[0,0,2,0,13]"
340,14,12,0,"[0,0,0,0,12]"
341,14,3,0.555556,"[0,0,2,0,1]"
342,9,24,0.828993,"[12,2,6,1,3]"
343,10,19,0.8241,"[10,2,3,1,3]"
344,11,17,0.752595,"[10,2,1,1,3]"
345,12,8,0.273438,"[7,1,0,0,0]"
346,12,9,0.925926,"[3,1,1,1,3]"
347,11,2,0,"[0,0,2,0,0]"
348,10,5,0.6,"[2,0,3,0,0]"
349,8,100,0.84575,"[39,4,36,1,20]"
350,9,51,0.605536,"[13,0,34,0,4]"
351,10,50,0.592,"[12,0,34,0,4]"
352,11,6,0.555556,"[4,0,2,0,0]"
353,11,44,0.53719,"[8,0,32,0,4]"
354,12,39,0.384615,"[5,0,32,0,2]"
355,13,37,0.348795,"[5,0,31,0,1]"
356,14,34,0.20545,"[2,0,31,0,1]"
357,15,27,0.253772,"[2,0,24,0,1]"
358,16,26,0.181213,"[1,0,24,0,1]"
359,17,24,0.0998263,"[0,0,23,0,1]"
360,18,5,0.4,"[0,0,4,0,1]"
361,18,19,0,"[0,0,19,0,0]"
362,17,2,0.625,"[1,0,1,0,0]"
363,16,1,0,"[1,0,0,0,0]"
364,15,7,0,"[0,0,7,0,0]"
365,14,3,0,"[3,0,0,0,0]"
366,13,2,0.625,"[0,0,1,0,1]"
367,12,5,0.6,"[3,0,0,0,2]"
368,10,1,0,"[1,0,0,0,0]"
369,9,49,0.753853,"[26,4,2,1,16]"
370,10,22,0.847107,"[9,3,1,1,8]"
371,11,14,0.841837,"[2,3,1,1,7]"
372,12,1,0,"[0,1,0,0,0]"
373,12,13,0.813609,"[2,2,1,1,7]"
374,13,7,0.918367,"[2,2,0,1,2]"
375,13,6,0.347222,"[0,0,1,0,5]"
376,11,8,0.273438,"[7,0,0,0,1]"
377,10,27,0.641289,"[17,1,1,0,8]"
378,11,18,0.555556,"[13,1,1,0,3]"
379,12,10,0.425,"[8,0,1,0,1]"
380,12,8,0.664062,"[5,1,0,0,2]"
381,11,9,0.617284,"[4,0,0,0,5]"
382,5,316,0.636617,"[210,34,60,0,12]"
383,6,93,0.561047,"[67,13,10,0,3]"
384,7,71,0.487998,"[54,12,2,0,3]"
385,8,54,0.564986,"[38,12,1,0,3]"
386,9,53,0.549128,"[38,11,1,0,3]"
387,10,4,0.9375,"[1,1,1,0,1]"
388,10,49,0.483132,"[37,10,0,0,2]"
389,11,8,0.46875,"[2,6,0,0,0]"
390,11,41,0.324212,"[35,4,0,0,2]"
391,12,40,0.282812,"[35,3,0,0,2]"
392,13,22,0.108471,"[21,0,0,0,1]"
393,14,3,0.555556,"[2,0,0,0,1]"
394,14,19,0,"[19,0,0,0,0]"
395,13,18,0.455247,"[14,3,0,0,1]"
396,14,7,0.306122,"[6,0,0,0,1]"
397,14,11,0.495868,"[8,3,0,0,0]"
398,15,1,0,"[0,1,0,0,0]"
399,15,10,0.4,"[8,2,0,0,0]"
400,12,1,0,"[0,1,0,0,0]"
401,9,1,0,"[0,1,0,0,0]"
402,8,17,0.138408,"[16,0,1,0,0]"
403,9,14,0,"[14,0,0,0,0]"
404,9,3,0.555556,"[2,0,1,0,0]"
405,7,22,0.645661,"[13,1,8,0,0]"
406,8,12,0.190972,"[11,0,1,0,0]"
407,9,6,0,"[6,0,0,0,0]"
408,9,6,0.347222,"[5,0,1,0,0]"
409,8,10,0.575,"[2,1,7,0,0]"
410,6,223,0.660027,"[143,21,50,0,9]"
411,7,216,0.641343,"[141,16,50,0,9]"
412,8,33,0.33517,"[28,3,0,0,2]"
413,9,15,0.522222,"[11,3,0,0,1]"
414,10,10,0.675,"[6,3,0,0,1]"
415,10,5,0,"[5,0,0,0,0]"
416,9,18,0.131173,"[17,0,0,0,1]"
417,10,7,0.306122,"[6,0,0,0,1]"
418,10,11,0,"[11,0,0,0,0]"
419,8,183,0.671937,"[113,13,50,0,7]"
420,9,98,0.458403,"[77,8,8,0,5]"
421,10,13,0,"[13,0,0,0,0]"
422,10,85,0.514879,"[64,8,8,0,5]"
423,11,12,0.555556,"[4,8,0,0,0]"
424,12,3,0,"[0,3,0,0,0]"
425,12,9,0.617284,"[4,5,0,0,0]"
426,11,73,0.384688,"[60,0,8,0,5]"
427,12,1,0,"[0,0,1,0,0]"
428,12,72,0.364101,"[60,0,7,0,5]"
429,13,35,0.134694,"[33,0,2,0,0]"
430,14,8,0.46875,"[6,0,2,0,0]"
431,14,27,0,"[27,0,0,0,0]"
432,13,37,0.538714,"[27,0,5,0,5]"
433,14,1,0,"[0,0,0,0,1]"
434,14,36,0.50733,"[27,0,5,0,4]"
435,15,10,0.725,"[5,0,1,0,4]"
436,15,26,0.325444,"[22,0,4,0,0]"
437,16,22,0.206611,"[20,0,2,0,0]"
438,17,11,0.371901,"[9,0,2,0,0]"
439,18,6,0,"[6,0,0,0,0]"
440,18,5,0.6,"[3,0,2,0,0]"
441,17,11,0,"[11,0,0,0,0]"
442,16,4,0.625,"[2,0,2,0,0]"
443,9,85,0.715571,"[36,5,42,0,2]"
444,10,31,0.55411,"[22,1,7,0,1]"
445,11,25,0.416,"[20,1,4,0,0]"
446,12,18,0.131173,"[17,1,0,0,0]"
447,13,5,0.4,"[4,1,0,0,0]"
448,13,13,0,"[13,0,0,0,0]"
449,12,7,0.612245,"[3,0,4,0,0]"
450,11,6,0.763889,"[2,0,3,0,1]"
451,10,54,0.633573,"[14,4,35,0,1]"
452,11,2,0,"[2,0,0,0,0]"
453,11,52,0.609282,"[12,4,35,0,1]"
454,12,38,0.484765,"[10,0,28,0,0]"
455,13,15,0.155555,"[1,0,14,0,0]"
456,14,9,0,"[0,0,9,0,0]"
457,14,6,0.347222,"[1,0,5,0,0]"
458,13,23,0.595463,"[9,0,14,0,0]"
459,14,11,0.371901,"[9,0,2,0,0]"
460,15,4,0.625,"[2,0,2,0,0]"
461,15,7,0,"[7,0,0,0,0]"
462,14,12,0,"[0,0,12,0,0]"
463,12,14,0.803571,"[2,4,7,0,1]"
464,13,10,0.6,"[1,1,7,0,1]"
465,13,4,0.46875,"[1,3,0,0,0]"
466,7,7,0.510204,"[2,5,0,0,0]"
467,4,624,0.576088,"[163,1,427,1,32]"
468,5,573,0.558906,"[141,1,401,1,29]"
469,6,516,0.50228,"[101,0,385,1,29]"
470,7,470,0.42165,"[65,0,376,1,28]"
471,8,468,0.416016,"[63,0,376,1,28]"
472,9,142,0.22627,"[11,0,128,0,3]"
473,10,127,0.16585,"[8,0,118,0,1]"
474,11,6,0.347222,"[5,0,0,0,1]"
475,11,121,0.0604469,"[3,0,118,0,0]"
476,12,26,0.255177,"[3,0,23,0,0]"
477,13,16,0.380859,"[3,0,13,0,0]"
478,14,2,0.625,"[1,0,1,0,0]"
479,14,14,0.306122,"[2,0,12,0,0]"
480,15,8,0,"[0,0,8,0,0]"
481,15,6,0.555556,"[2,0,4,0,0]"
482,13,10,0,"[0,0,10,0,0]"
483,12,95,0,"[0,0,95,0,0]"
484,10,15,0.622222,"[3,0,10,0,2]"
485,11,7,0,"[0,0,7,0,0]"
486,11,8,0.820312,"[3,0,3,0,2]"
487,9,326,0.487434,"[52,0,248,1,25]"
488,10,34,0.570934,"[24,0,6,0,4]"
489,11,11,0.805785,"[5,0,3,0,3]"
490,12,10,0.775,"[5,0,3,0,2]"
491,12,1,0,"[0,0,0,0,1]"
492,11,23,0.373346,"[19,0,3,0,1]"
493,12,6,0.763889,"[3,0,2,0,1]"
494,12,17,0.138408,"[16,0,1,0,0]"
495,13,9,0,"[9,0,0,0,0]"
496,13,8,0.273438,"[7,0,1,0,0]"
497,10,292,0.373458,"[28,0,242,1,21]"
498,11,288,0.352075,"[24,0,242,1,21]"
499,12,23,0.557656,"[6,0,16,0,1]"
500,13,6,0.763889,"[3,0,2,0,1]"
501,13,17,0.363322,"[3,0,14,0,0]"
502,14,7,0.612245,"[3,0,4,0,0]"
503,14,10,0,"[0,0,10,0,0]"
504,12,265,0.327946,"[18,0,226,1,20]"
505,13,12,0.763889,"[2,0,6,0,4]"
506,14,5,0.4,"[0,0,1,0,4]"
507,14,7,0.510204,"[2,0,5,0,0]"
508,13,253,0.294802,"[16,0,220,1,16]"
509,14,193,0.159467,"[9,0,180,0,4]"
510,15,4,0.625,"[0,0,2,0,2]"
511,15,189,0.138294,"[9,0,178,0,2]"
512,16,62,0.221774,"[5,0,56,0,1]"
513,17,56,0.126754,"[3,0,53,0,0]"
514,18,55,0.0876033,"[2,0,53,0,0]"
515,19,18,0.246914,"[2,0,16,0,0]"
516,20,14,0,"[0,0,14,0,0]"
517,20,4,0.625,"[2,0,2,0,0]"
518,19,37,0,"[0,0,37,0,0]"
519,18,1,0,"[1,0,0,0,0]"
520,17,6,0.763889,"[2,0,3,0,1]"
521,16,127,0.0951701,"[4,0,122,0,1]"
522,17,16,0.273438,"[2,0,14,0,0]"
523,18,7,0.510204,"[2,0,5,0,0]"
524,18,9,0,"[0,0,9,0,0]"
525,17,111,0.0661472,"[2,0,108,0,1]"
526,18,57,0.126193,"[2,0,54,0,1]"
527,19,11,0.206611,"[0,0,10,0,1]"
528,20,4,0.46875,"[0,0,3,0,1]"
529,20,7,0,"[0,0,7,0,0]"
530,19,46,0.10397,"[2,0,44,0,0]"
531,20,27,0.171468,"[2,0,25,0,0]"
532,21,4,0.46875,"[1,0,3,0,0]"
533,21,23,0.10397,"[1,0,22,0,0]"
534,22,5,0.4,"[1,0,4,0,0]"
535,22,18,0,"[0,0,18,0,0]"
536,20,19,0,"[0,0,19,0,0]"
537,18,54,0,"[0,0,54,0,0]"
538,14,60,0.627083,"[7,0,40,1,12]"
539,15,25,0.78,"[3,0,9,1,12]"
540,16,8,0.78125,"[2,0,4,0,2]"
541,16,17,0.700692,"[1,0,5,1,10]"
542,17,4,0.46875,"[1,0,3,0,0]"
543,17,13,0.473373,"[0,0,2,1,10]"
544,18,6,0.555556,"[0,0,2,0,4]"
545,18,7,0.306122,"[0,0,0,1,6]"
546,15,35,0.253061,"[4,0,31,0,0]"
547,16,1,0,"[1,0,0,0,0]"
548,16,34,0.201125,"[3,0,31,0,0]"
549,17,24,0.0998263,"[1,0,23,0,0]"
550,18,3,0.555556,"[1,0,2,0,0]"
551,18,21,0,"[0,0,21,0,0]"
552,17,10,0.4,"[2,0,8,0,0]"
553,11,4,0,"[4,0,0,0,0]"
554,8,2,0,"[2,0,0,0,0]"
555,7,46,0.435964,"[36,0,9,0,1]"
556,8,43,0.388048,"[35,0,7,0,1]"
557,9,5,0,"[5,0,0,0,0]"
558,9,38,0.427632,"[30,0,7,0,1]"
559,10,32,0.48584,"[24,0,7,0,1]"
560,11,31,0.437045,"[24,0,7,0,0]"
561,12,13,0,"[13,0,0,0,0]"
562,12,18,0.594136,"[11,0,7,0,0]"
563,13,2,0,"[0,0,2,0,0]"
564,13,16,0.537109,"[11,0,5,0,0]"
565,14,5,0,"[5,0,0,0,0]"
566,14,11,0.619835,"[6,0,5,0,0]"
567,15,7,0.510204,"[2,0,5,0,0]"
568,15,4,0,"[4,0,0,0,0]"
569,11,1,0,"[0,0,0,0,1]"
570,10,6,0,"[6,0,0,0,0]"
571,8,3,0.555556,"[1,0,2,0,0]"
572,6,57,0.535549,"[40,1,16,0,0]"
573,7,37,0.348795,"[31,1,5,0,0]"
574,8,1,0,"[0,0,1,0,0]"
575,8,36,0.306713,"[31,1,4,0,0]"
576,9,3,0.833333,"[1,1,1,0,0]"
577,9,33,0.206611,"[30,0,3,0,0]"
578,10,19,0.33241,"[16,0,3,0,0]"
579,11,16,0.273438,"[14,0,2,0,0]"
580,12,7,0,"[7,0,0,0,0]"
581,12,9,0.432099,"[7,0,2,0,0]"
582,11,3,0.555556,"[2,0,1,0,0]"
583,10,14,0,"[14,0,0,0,0]"
584,7,20,0.61875,"[9,0,11,0,0]"
585,8,18,0.594136,"[7,0,11,0,0]"
586,9,13,0.621302,"[7,0,6,0,0]"
587,10,10,0.6,"[4,0,6,0,0]"
588,10,3,0,"[3,0,0,0,0]"
589,9,5,0,"[0,0,5,0,0]"
590,8,2,0,"[2,0,0,0,0]"
591,5,51,0.688197,"[22,0,26,0,3]"
592,6,9,0,"[9,0,0,0,0]"
593,6,42,0.644841,"[13,0,26,0,3]"
594,7,34,0.525519,"[6,0,25,0,3]"
595,8,32,0.456543,"[4,0,25,0,3]"
596,9,31,0.413632,"[3,0,25,0,3]"
597,10,19,0.124654,"[1,0,18,0,0]"
598,11,3,0.555556,"[1,0,2,0,0]"
599,11,16,0,"[0,0,16,0,0]"
600,10,12,0.711805,"[2,0,7,0,3]"
601,11,1,0,"[0,0,0,0,1]"
602,11,11,0.661157,"[2,0,7,0,2]"
603,12,3,0.555556,"[2,0,1,0,0]"
604,12,8,0.46875,"[0,0,6,0,2]"
605,9,1,0,"[1,0,0,0,0]"
606,8,2,0,"[2,0,0,0,0]"
607,7,8,0.273438,"[7,0,1,0,0]"
608,3,9353,0.992763,"[1396,1752,1801,2348,2056]"
609,4,8137,0.970805,"[793,1737,1229,2345,2033]"
610,5,4879,0.828448,"[92,1523,159,2206,899]"
611,6,4818,0.827152,"[86,1483,158,2195,896]"
612,7,325,0.93342,"[22,73,47,60,123]"
613,8,308,0.923823,"[18,67,44,58,121]"
614,9,260,0.891975,"[14,33,44,54,115]"
615,10,160,0.632129,"[10,0,44,3,103]"
616,11,153,0.60842,"[9,0,39,3,102]"
617,12,109,0.328887,"[4,0,9,3,93]"
618,13,41,0.116002,"[0,0,2,0,39]"
619,14,37,0.0657414,"[0,0,1,0,36]"
620,15,7,0.306122,"[0,0,1,0,6]"
621,15,30,0,"[0,0,0,0,30]"
622,14,4,0.46875,"[0,0,1,0,3]"
623,13,68,0.441717,"[4,0,7,3,54]"
624,14,1,0,"[0,0,1,0,0]"
625,14,67,0.421029,"[4,0,6,3,54]"
626,15,63,0.351474,"[2,0,6,2,53]"
627,16,55,0.130579,"[1,0,0,2,52]"
628,17,11,0.371901,"[0,0,0,2,9]"
629,18,2,0.625,"[0,0,0,1,1]"
630,18,9,0.246914,"[0,0,0,1,8]"
631,17,44,0.0555268,"[1,0,0,0,43]"
632,18,35,0,"[0,0,0,0,35]"
633,18,9,0.246914,"[1,0,0,0,8]"
634,16,8,0.507812,"[1,0,6,0,1]"
635,15,4,0.78125,"[2,0,0,1,1]"
636,12,44,0.600465,"[5,0,30,0,9]"
637,13,37,0.509496,"[1,0,27,0,9]"
638,14,5,0,"[0,0,5,0,0]"
639,14,32,0.559082,"[1,0,22,0,9]"
640,15,13,0.710059,"[1,0,6,0,6]"
641,16,7,0.306122,"[1,0,6,0,0]"
642,16,6,0,"[0,0,0,0,6]"
643,15,19,0.33241,"[0,0,16,0,3]"
644,16,8,0,"[0,0,8,0,0]"
645,16,11,0.495868,"[0,0,8,0,3]"
646,17,7,0,"[0,0,7,0,0]"
647,17,4,0.46875,"[0,0,1,0,3]"
648,13,7,0.612245,"[4,0,3,0,0]"
649,11,7,0.561225,"[1,0,5,0,1]"
650,10,100,0.76875,"[4,33,0,51,12]"
651,11,30,0.555556,"[0,20,0,10,0]"
652,12,8,0,"[0,8,0,0,0]"
653,12,22,0.619835,"[0,12,0,10,0]"
654,13,9,0,"[0,9,0,0,0]"
655,13,13,0.443787,"[0,3,0,10,0]"
656,14,3,0,"[0,0,0,3,0]"
657,14,10,0.525,"[0,3,0,7,0]"
658,11,70,0.737245,"[4,13,0,41,12]"
659,12,65,0.706509,"[4,10,0,40,11]"
660,13,52,0.746117,"[3,9,0,30,10]"
661,14,45,0.665432,"[3,4,0,29,9]"
662,15,26,0.484467,"[2,1,0,20,3]"
663,16,23,0.382798,"[1,1,0,19,2]"
664,17,14,0.57398,"[1,1,0,10,2]"
665,18,13,0.488166,"[1,1,0,10,1]"
666,19,1,0,"[0,1,0,0,0]"
667,19,12,0.364583,"[1,0,0,10,1]"
668,20,1,0,"[0,0,0,0,1]"
669,20,11,0.206611,"[1,0,0,10,0]"
670,21,7,0,"[0,0,0,7,0]"
671,21,4,0.46875,"[1,0,0,3,0]"
672,18,1,0,"[0,0,0,0,1]"
673,17,9,0,"[0,0,0,9,0]"
674,16,3,0.833333,"[1,0,0,1,1]"
675,15,19,0.810249,"[1,3,0,9,6]"
676,16,8,0.664062,"[1,0,0,2,5]"
677,16,11,0.640496,"[0,3,0,7,1]"
678,17,9,0.432099,"[0,2,0,7,0]"
679,17,2,0.625,"[0,1,0,0,1]"
680,14,7,0.561225,"[0,5,0,1,1]"
681,13,13,0.488166,"[1,1,0,10,1]"
682,14,1,0,"[1,0,0,0,0]"
683,14,12,0.364583,"[0,1,0,10,1]"
684,15,6,0.625,"[0,1,0,4,1]"
685,15,6,0,"[0,0,0,6,0]"
686,12,5,0.7,"[0,3,0,1,1]"
687,9,48,0.585938,"[4,34,0,4,6]"
688,10,33,0.266299,"[0,29,0,4,0]"
689,11,10,0.525,"[0,7,0,3,0]"
690,11,23,0.10397,"[0,22,0,1,0]"
691,12,14,0,"[0,14,0,0,0]"
692,12,9,0.246914,"[0,8,0,1,0]"
693,10,15,0.822222,"[4,5,0,0,6]"
694,11,2,0,"[0,2,0,0,0]"
695,11,13,0.798817,"[4,3,0,0,6]"
696,12,10,0.7,"[2,2,0,0,6]"
697,12,3,0.555556,"[2,1,0,0,0]"
698,8,17,0.951557,"[4,6,3,2,2]"
699,9,7,0.714286,"[4,1,0,0,2]"
700,9,10,0.775,"[0,5,3,2,0]"
701,7,4493,0.80663,"[64,1410,111,2135,773]"
702,8,2351,0.376566,"[17,236,1,1945,152]"
703,9,1377,0.502408,"[16,182,1,1040,138]"
704,10,1320,0.476462,"[14,160,1,1018,127]"
705,11,1031,0.347318,"[5,108,0,868,50]"
706,12,908,0.259196,"[0,81,0,804,23]"
707,13,850,0.177201,"[0,62,0,785,3]"
708,14,806,0.15145,"[0,49,0,754,3]"
709,15,742,0.112362,"[0,35,0,707,0]"
710,16,734,0.0948714,"[0,29,0,705,0]"
711,17,723,0.0834562,"[0,25,0,698,0]"
712,18,722,0.0803402,"[0,24,0,698,0]"
713,19,17,0.259515,"[0,2,0,15,0]"
714,20,2,0.625,"[0,1,0,1,0]"
715,20,15,0.155555,"[0,1,0,14,0]"
716,21,4,0.46875,"[0,1,0,3,0]"
717,21,11,0,"[0,0,0,11,0]"
718,19,705,0.0755797,"[0,22,0,683,0]"
719,20,413,0.109721,"[0,19,0,394,0]"
720,21,61,1.49012e-7,"[0,0,0,61,0]"
721,21,352,0.127659,"[0,19,0,333,0]"
722,22,350,0.115531,"[0,17,0,333,0]"
723,23,338,0.0992613,"[0,14,0,324,0]"
724,24,63,0,"[0,0,0,63,0]"
725,24,275,0.120793,"[0,14,0,261,0]"
726,25,105,0.195918,"[0,9,0,96,0]"
727,26,1,0,"[0,1,0,0,0]"
728,26,104,0.177515,"[0,8,0,96,0]"
729,27,92,0.10397,"[0,4,0,88,0]"
730,28,7,0.510204,"[0,2,0,5,0]"
731,28,85,0.0574395,"[0,2,0,83,0]"
732,29,8,0.273438,"[0,1,0,7,0]"
733,29,77,0.0320458,"[0,1,0,76,0]"
734,30,61,1.49012e-7,"[0,0,0,61,0]"
735,30,16,0.146484,"[0,1,0,15,0]"
736,31,10,0,"[0,0,0,10,0]"
737,31,6,0.347222,"[0,1,0,5,0]"
738,27,12,0.555556,"[0,4,0,8,0]"
739,28,7,0.612245,"[0,4,0,3,0]"
740,28,5,0,"[0,0,0,5,0]"
741,25,170,0.0713667,"[0,5,0,165,0]"
742,26,98,0.0252499,"[0,1,0,97,0]"
743,27,5,0.4,"[0,1,0,4,0]"
744,27,93,0,"[0,0,0,93,0]"
745,26,72,0.131173,"[0,4,0,68,0]"
746,27,33,0,"[0,0,0,33,0]"
747,27,39,0.230112,"[0,4,0,35,0]"
748,28,30,0.155555,"[0,2,0,28,0]"
749,29,8,0.46875,"[0,2,0,6,0]"
750,29,22,0,"[0,0,0,22,0]"
751,28,9,0.432099,"[0,2,0,7,0]"
752,23,12,0.46875,"[0,3,0,9,0]"
753,24,1,0,"[0,1,0,0,0]"
754,24,11,0.371901,"[0,2,0,9,0]"
755,25,5,0.6,"[0,2,0,3,0]"
756,25,6,0,"[0,0,0,6,0]"
757,22,2,0,"[0,2,0,0,0]"
758,20,292,0.0254211,"[0,3,0,289,0]"
759,21,212,0.0348766,"[0,3,0,209,0]"
760,22,200,0.0247501,"[0,2,0,198,0]"
761,23,127,0,"[0,0,0,127,0]"
762,23,73,0.0666167,"[0,2,0,71,0]"
763,24,3,0.555556,"[0,2,0,1,0]"
764,24,70,0,"[0,0,0,70,0]"
765,22,12,0.190972,"[0,1,0,11,0]"
766,23,8,0,"[0,0,0,8,0]"
767,23,4,0.46875,"[0,1,0,3,0]"
768,21,80,0,"[0,0,0,80,0]"
769,18,1,0,"[0,1,0,0,0]"
770,17,11,0.578512,"[0,4,0,7,0]"
771,18,7,0.612245,"[0,4,0,3,0]"
772,18,4,0,"[0,0,0,4,0]"
773,16,8,0.46875,"[0,6,0,2,0]"
774,15,64,0.513306,"[0,14,0,47,3]"
775,16,19,0.235457,"[0,2,0,17,0]"
776,17,17,0,"[0,0,0,17,0]"
777,17,2,0,"[0,2,0,0,0]"
778,16,45,0.6,"[0,12,0,30,3]"
779,17,24,0.282118,"[0,1,0,21,2]"
780,18,19,0,"[0,0,0,19,0]"
781,18,5,0.8,"[0,1,0,2,2]"
782,17,21,0.674603,"[0,11,0,9,1]"
783,18,4,0,"[0,4,0,0,0]"
784,18,17,0.683391,"[0,7,0,9,1]"
785,19,13,0.576923,"[0,3,0,9,1]"
786,20,1,0,"[0,1,0,0,0]"
787,20,12,0.503472,"[0,2,0,9,1]"
788,21,6,0,"[0,0,0,6,0]"
789,21,6,0.763889,"[0,2,0,3,1]"
790,19,4,0,"[0,4,0,0,0]"
791,14,44,0.520403,"[0,13,0,31,0]"
792,15,34,0.449827,"[0,8,0,26,0]"
793,16,3,0,"[0,3,0,0,0]"
794,16,31,0.338189,"[0,5,0,26,0]"
795,17,27,0.171468,"[0,2,0,25,0]"
796,18,26,0.0924556,"[0,1,0,25,0]"
797,19,11,0.206611,"[0,1,0,10,0]"
798,20,1,0,"[0,1,0,0,0]"
799,20,10,0,"[0,0,0,10,0]"
800,19,15,0,"[0,0,0,15,0]"
801,18,1,0,"[0,1,0,0,0]"
802,17,4,0.46875,"[0,3,0,1,0]"
803,15,10,0.625,"[0,5,0,5,0]"
804,13,58,0.833086,"[0,19,0,19,20]"
805,14,45,0.807407,"[0,10,0,16,19]"
806,15,38,0.746191,"[0,5,0,14,19]"
807,16,36,0.738812,"[0,5,0,12,19]"
808,17,34,0.694204,"[0,3,0,12,19]"
809,18,14,0.573979,"[0,0,0,9,5]"
810,19,12,0.46875,"[0,0,0,9,3]"
811,20,4,0.625,"[0,0,0,2,2]"
812,20,8,0.273438,"[0,0,0,7,1]"
813,19,2,0,"[0,0,0,0,2]"
814,18,20,0.58125,"[0,3,0,3,14]"
815,19,1,0,"[0,0,0,1,0]"
816,19,19,0.526316,"[0,3,0,2,14]"
817,20,14,0.65051,"[0,3,0,2,9]"
818,21,3,0.555556,"[0,1,0,2,0]"
819,21,11,0.371901,"[0,2,0,0,9]"
820,22,6,0.555556,"[0,2,0,0,4]"
821,22,5,0,"[0,0,0,0,5]"
822,20,5,0,"[0,0,0,0,5]"
823,17,2,0,"[0,2,0,0,0]"
824,16,2,0,"[0,0,0,2,0]"
825,15,7,0.510204,"[0,5,0,2,0]"
826,14,13,0.576923,"[0,9,0,3,1]"
827,15,3,0,"[0,3,0,0,0]"
828,15,10,0.675,"[0,6,0,3,1]"
829,12,123,0.789048,"[5,27,0,64,27]"
830,13,40,0.889062,"[4,9,0,13,14]"
831,14,13,0.784024,"[1,3,0,7,2]"
832,15,8,0.46875,"[0,2,0,6,0]"
833,15,5,0.9,"[1,1,0,1,2]"
834,14,27,0.864198,"[3,6,0,6,12]"
835,15,13,0.902367,"[3,5,0,3,2]"
836,16,6,0.625,"[1,4,0,1,0]"
837,16,7,0.918367,"[2,1,0,2,2]"
838,15,14,0.548469,"[0,1,0,3,10]"
839,16,6,0,"[0,0,0,0,6]"
840,16,8,0.742188,"[0,1,0,3,4]"
841,13,83,0.688416,"[1,18,0,51,13]"
842,14,80,0.664844,"[1,15,0,51,13]"
843,15,57,0.397045,"[0,10,0,46,1]"
844,16,46,0.425331,"[0,10,0,36,0]"
845,17,1,0,"[0,1,0,0,0]"
846,17,45,0.4,"[0,9,0,36,0]"
847,18,7,0.306122,"[0,6,0,1,0]"
848,18,38,0.181787,"[0,3,0,35,0]"
849,19,25,0.264,"[0,3,0,22,0]"
850,20,22,0.108471,"[0,1,0,21,0]"
851,21,5,0.4,"[0,1,0,4,0]"
852,21,17,0,"[0,0,0,17,0]"
853,20,3,0.555556,"[0,2,0,1,0]"
854,19,13,0,"[0,0,0,13,0]"
855,16,11,0.206611,"[0,0,0,10,1]"
856,17,5,0.4,"[0,0,0,4,1]"
857,17,6,0,"[0,0,0,6,0]"
858,15,23,0.789225,"[1,5,0,5,12]"
859,16,20,0.70625,"[1,2,0,5,12]"
860,17,19,0.65097,"[0,2,0,5,12]"
861,18,11,0.371901,"[0,0,0,2,9]"
862,19,8,0,"[0,0,0,0,8]"
863,19,3,0.555556,"[0,0,0,2,1]"
864,18,8,0.820312,"[0,2,0,3,3]"
865,17,1,0,"[1,0,0,0,0]"
866,16,3,0,"[0,3,0,0,0]"
867,14,3,0,"[0,3,0,0,0]"
868,11,289,0.782827,"[9,52,1,150,77]"
869,12,118,0.828067,"[7,20,1,35,55]"
870,13,29,0.921522,"[7,9,1,3,9]"
871,14,13,0.798817,"[1,3,1,1,7]"
872,15,6,0.347222,"[0,1,0,0,5]"
873,15,7,0.969388,"[1,2,1,1,2]"
874,14,16,0.859375,"[6,6,0,2,2]"
875,15,1,0,"[0,0,0,0,1]"
876,15,15,0.822222,"[6,6,0,2,1]"
877,16,7,0.510204,"[5,2,0,0,0]"
878,16,8,0.820312,"[1,4,0,2,1]"
879,13,89,0.735387,"[0,11,0,32,46]"
880,14,29,0.743163,"[0,4,0,15,10]"
881,15,6,0.347222,"[0,0,0,5,1]"
882,15,23,0.784499,"[0,4,0,10,9]"
883,16,4,0,"[0,0,0,4,0]"
884,16,19,0.789474,"[0,4,0,6,9]"
885,17,9,0.617284,"[0,0,0,4,5]"
886,17,10,0.8,"[0,4,0,2,4]"
887,14,60,0.682639,"[0,7,0,17,36]"
888,15,42,0.74263,"[0,6,0,14,22]"
889,16,25,0.6,"[0,0,0,10,15]"
890,17,4,0,"[0,0,0,4,0]"
891,17,21,0.510204,"[0,0,0,6,15]"
892,18,8,0.585938,"[0,0,0,5,3]"
893,18,13,0.177515,"[0,0,0,1,12]"
894,19,3,0.555556,"[0,0,0,1,2]"
895,19,10,0,"[0,0,0,0,10]"
896,16,17,0.813149,"[0,6,0,4,7]"
897,17,6,0.347222,"[0,0,0,1,5]"
898,17,11,0.743802,"[0,6,0,3,2]"
899,18,8,0.507812,"[0,6,0,1,1]"
900,18,3,0.555556,"[0,0,0,2,1]"
901,15,18,0.455247,"[0,1,0,3,14]"
902,16,6,0.625,"[0,0,0,3,3]"
903,16,12,0.190972,"[0,1,0,0,11]"
904,17,11,0,"[0,0,0,0,11]"
905,17,1,0,"[0,1,0,0,0]"
906,12,171,0.62002,"[2,32,0,115,22]"
907,13,166,0.602773,"[2,28,0,114,22]"
908,14,142,0.516887,"[2,19,0,106,15]"
909,15,91,0.424466,"[2,6,0,73,10]"
910,16,1,0,"[0,1,0,0,0]"
911,16,90,0.407716,"[2,5,0,73,10]"
912,17,86,0.33633,"[2,3,0,73,8]"
913,18,44,0.426136,"[1,1,0,35,7]"
914,19,27,0.246914,"[0,0,0,24,3]"
915,20,26,0.177515,"[0,0,0,24,2]"
916,21,16,0,"[0,0,0,16,0]"
917,21,10,0.4,"[0,0,0,8,2]"
918,20,1,0,"[0,0,0,0,1]"
919,19,17,0.648789,"[1,1,0,11,4]"
920,20,8,0.742188,"[1,0,0,3,4]"
921,20,9,0.246914,"[0,1,0,8,0]"
922,18,42,0.222506,"[1,2,0,38,1]"
923,19,2,0.625,"[1,1,0,0,0]"
924,19,40,0.120313,"[0,1,0,38,1]"
925,20,36,0.0675155,"[0,0,0,35,1]"
926,21,5,0.4,"[0,0,0,4,1]"
927,21,31,0,"[0,0,0,31,0]"
928,20,4,0.46875,"[0,1,0,3,0]"
929,17,4,0.625,"[0,2,0,0,2]"
930,15,51,0.63341,"[0,13,0,33,5]"
931,16,21,0.765306,"[0,5,0,11,5]"
932,17,20,0.74375,"[0,5,0,11,4]"
933,18,1,0,"[0,0,0,0,1]"
934,18,19,0.713296,"[0,5,0,11,3]"
935,19,1,0,"[0,1,0,0,0]"
936,19,18,0.686728,"[0,4,0,11,3]"
937,20,16,0.595703,"[0,3,0,11,2]"
938,21,5,0.6,"[0,3,0,2,0]"
939,21,11,0.371901,"[0,0,0,9,2]"
940,22,3,0.555556,"[0,0,0,2,1]"
941,22,8,0.273438,"[0,0,0,7,1]"
942,20,2,0.625,"[0,1,0,0,1]"
943,17,1,0,"[0,0,0,0,1]"
944,16,30,0.488889,"[0,8,0,22,0]"
945,17,24,0.555556,"[0,8,0,16,0]"
946,18,22,0.495868,"[0,6,0,16,0]"
947,19,21,0.453515,"[0,5,0,16,0]"
948,20,14,0.573979,"[0,5,0,9,0]"
949,21,13,0.532544,"[0,4,0,9,0]"
950,22,1,0,"[0,1,0,0,0]"
951,22,12,0.46875,"[0,3,0,9,0]"
952,23,10,0.225,"[0,1,0,9,0]"
953,23,2,0,"[0,2,0,0,0]"
954,21,1,0,"[0,1,0,0,0]"
955,20,7,0,"[0,0,0,7,0]"
956,19,1,0,"[0,1,0,0,0]"
957,18,2,0,"[0,2,0,0,0]"
958,17,6,0,"[0,0,0,6,0]"
959,14,24,0.828993,"[0,9,0,8,7]"
960,15,10,0.675,"[0,6,0,1,3]"
961,15,14,0.778061,"[0,3,0,7,4]"
962,16,12,0.711806,"[0,3,0,7,2]"
963,17,2,0.625,"[0,1,0,0,1]"
964,17,10,0.575,"[0,2,0,7,1]"
965,16,2,0,"[0,0,0,0,2]"
966,13,5,0.4,"[0,4,0,1,0]"
967,10,57,0.829486,"[2,22,0,22,11]"
968,11,14,0.561225,"[0,10,0,2,2]"
969,12,4,0,"[0,4,0,0,0]"
970,12,10,0.7,"[0,6,0,2,2]"
971,11,43,0.82477,"[2,12,0,20,9]"
972,12,34,0.795848,"[1,7,0,17,9]"
973,13,29,0.84126,"[1,7,0,12,9]"
974,14,2,0,"[0,0,0,0,2]"
975,14,27,0.833333,"[1,7,0,12,7]"
976,15,15,0.811111,"[1,2,0,5,7]"
977,16,4,0.46875,"[1,0,0,0,3]"
978,16,11,0.785124,"[0,2,0,5,4]"
979,17,5,0.8,"[0,2,0,1,2]"
980,17,6,0.555556,"[0,0,0,4,2]"
981,15,12,0.607639,"[0,5,0,7,0]"
982,16,8,0.273438,"[0,1,0,7,0]"
983,16,4,0,"[0,4,0,0,0]"
984,13,5,0,"[0,0,0,5,0]"
985,12,9,0.709876,"[1,5,0,3,0]"
986,9,974,0.16673,"[1,54,0,905,14]"
987,10,80,0.464062,"[0,6,0,62,12]"
988,11,29,0.781807,"[0,5,0,13,11]"
989,12,21,0.759637,"[0,4,0,6,11]"
990,13,4,0,"[0,0,0,0,4]"
991,13,17,0.813149,"[0,4,0,6,7]"
992,14,12,0.815972,"[0,4,0,5,3]"
993,15,7,0.714286,"[0,4,0,2,1]"
994,15,5,0.6,"[0,0,0,3,2]"
995,14,5,0.4,"[0,0,0,1,4]"
996,12,8,0.273438,"[0,1,0,7,0]"
997,11,51,0.0951556,"[0,1,0,49,1]"
998,12,6,0.347222,"[0,0,0,5,1]"
999,12,45,0.054321,"[0,1,0,44,0]"
1000,13,8,0.273438,"[0,1,0,7,0]"
1001,13,37,0,"[0,0,0,37,0]"
1002,10,894,0.134938,"[1,48,0,843,2]"
1003,11,886,0.123475,"[1,43,0,840,2]"
1004,12,854,0.109209,"[0,37,0,815,2]"
1005,13,842,0.0943594,"[0,31,0,809,2]"
1006,14,821,0.0711084,"[0,22,0,797,2]"
1007,15,785,0.0408049,"[0,11,0,772,2]"
1008,16,9,0.432099,"[0,2,0,7,0]"
1009,16,776,0.0350106,"[0,9,0,765,2]"
1010,17,14,0.306122,"[0,2,0,12,0]"
1011,18,5,0.6,"[0,2,0,3,0]"
1012,18,9,0,"[0,0,0,9,0]"
1013,17,762,0.0292391,"[0,7,0,753,2]"
1014,18,468,0.0106494,"[0,1,0,466,1]"
1015,19,416,0.00599504,"[0,1,0,415,0]"
1016,20,263,0,"[0,0,0,263,0]"
1017,20,153,0.016233,"[0,1,0,152,0]"
1018,21,152,0,"[0,0,0,152,0]"
1019,21,1,0,"[0,1,0,0,0]"
1020,19,52,0.0471522,"[0,0,0,51,1]"
1021,20,2,0.625,"[0,0,0,1,1]"
1022,20,50,0,"[0,0,0,50,0]"
1023,18,294,0.0582801,"[0,6,0,287,1]"
1024,19,174,0.028488,"[0,1,0,172,1]"
1025,20,167,0.0148803,"[0,1,0,166,0]"
1026,21,94,1.49012e-7,"[0,0,0,94,0]"
1027,21,73,0.0337775,"[0,1,0,72,0]"
1028,22,21,0.113379,"[0,1,0,20,0]"
1029,23,20,0,"[0,0,0,20,0]"
1030,23,1,0,"[0,1,0,0,0]"
1031,22,52,0,"[0,0,0,52,0]"
1032,20,7,0.306122,"[0,0,0,6,1]"
1033,19,120,0.0998263,"[0,5,0,115,0]"
1034,20,6,0.347222,"[0,1,0,5,0]"
1035,20,114,0.0846414,"[0,4,0,110,0]"
1036,21,74,0.0333272,"[0,1,0,73,0]"
1037,22,2,0.625,"[0,1,0,1,0]"
1038,22,72,0,"[0,0,0,72,0]"
1039,21,40,0.173437,"[0,3,0,37,0]"
1040,22,7,0.510204,"[0,2,0,5,0]"
1041,22,33,0.0734618,"[0,1,0,32,0]"
1042,23,1,0,"[0,1,0,0,0]"
1043,23,32,0,"[0,0,0,32,0]"
1044,15,36,0.530478,"[0,11,0,25,0]"
1045,16,24,0.585938,"[0,9,0,15,0]"
1046,17,16,0.46875,"[0,4,0,12,0]"
1047,18,1,0,"[0,1,0,0,0]"
1048,18,15,0.4,"[0,3,0,12,0]"
1049,19,8,0.585938,"[0,3,0,5,0]"
1050,19,7,0,"[0,0,0,7,0]"
1051,17,8,0.585938,"[0,5,0,3,0]"
1052,16,12,0.347222,"[0,2,0,10,0]"
1053,17,2,0.625,"[0,1,0,1,0]"
1054,17,10,0.225,"[0,1,0,9,0]"
1055,14,21,0.612245,"[0,9,0,12,0]"
1056,15,12,0.46875,"[0,3,0,9,0]"
1057,16,9,0.246914,"[0,1,0,8,0]"
1058,16,3,0.555556,"[0,2,0,1,0]"
1059,15,9,0.555556,"[0,6,0,3,0]"
1060,13,12,0.625,"[0,6,0,6,0]"
1061,14,2,0,"[0,2,0,0,0]"
1062,14,10,0.6,"[0,4,0,6,0]"
1063,12,32,0.441895,"[1,6,0,25,0]"
1064,13,31,0.403226,"[1,5,0,25,0]"
1065,14,1,0,"[0,1,0,0,0]"
1066,14,30,0.358333,"[1,4,0,25,0]"
1067,15,3,0,"[0,3,0,0,0]"
1068,15,27,0.174897,"[1,1,0,25,0]"
1069,16,11,0.392562,"[1,1,0,9,0]"
1070,17,10,0.225,"[0,1,0,9,0]"
1071,17,1,0,"[1,0,0,0,0]"
1072,16,16,0,"[0,0,0,16,0]"
1073,13,1,0,"[0,1,0,0,0]"
1074,11,8,0.585938,"[0,5,0,3,0]"
1075,8,2142,0.755705,"[47,1174,110,190,621]"
1076,9,1940,0.721708,"[36,1096,31,182,595]"
1077,10,1760,0.706832,"[34,1033,22,174,497]"
1078,11,1486,0.717786,"[26,853,21,152,434]"
1079,12,967,0.290908,"[0,837,0,130,0]"
1080,13,25,0.456,"[0,19,0,6,0]"
1081,14,12,0,"[0,12,0,0,0]"
1082,14,13,0.621302,"[0,7,0,6,0]"
1083,15,11,0.619835,"[0,5,0,6,0]"
1084,16,9,0.555556,"[0,3,0,6,0]"
1085,16,2,0,"[0,2,0,0,0]"
1086,15,2,0,"[0,2,0,0,0]"
1087,13,942,0.285768,"[0,818,0,124,0]"
1088,14,900,0.278627,"[0,785,0,115,0]"
1089,15,873,0.25577,"[0,772,0,101,0]"
1090,16,1,0,"[0,0,0,1,0]"
1091,16,872,0.253819,"[0,772,0,100,0]"
1092,17,863,0.247164,"[0,767,0,96,0]"
1093,18,147,0.616641,"[0,65,0,82,0]"
1094,19,38,0.484765,"[0,10,0,28,0]"
1095,20,35,0.4,"[0,7,0,28,0]"
1096,21,13,0,"[0,0,0,13,0]"
1097,21,22,0.542355,"[0,7,0,15,0]"
1098,22,8,0.273438,"[0,1,0,7,0]"
1099,22,14,0.612245,"[0,6,0,8,0]"
1100,23,12,0.625,"[0,6,0,6,0]"
1101,24,9,0.555556,"[0,3,0,6,0]"
1102,24,3,0,"[0,3,0,0,0]"
1103,23,2,0,"[0,0,0,2,0]"
1104,20,3,0,"[0,3,0,0,0]"
1105,19,109,0.624947,"[0,55,0,54,0]"
1106,20,97,0.616963,"[0,43,0,54,0]"
1107,21,68,0.622837,"[0,36,0,32,0]"
1108,22,45,0.587654,"[0,28,0,17,0]"
1109,23,35,0.62449,"[0,18,0,17,0]"
1110,24,25,0.6,"[0,15,0,10,0]"
1111,25,15,0.4,"[0,12,0,3,0]"
1112,26,12,0.190972,"[0,11,0,1,0]"
1113,27,3,0.555556,"[0,2,0,1,0]"
1114,27,9,0,"[0,9,0,0,0]"
1115,26,3,0.555556,"[0,1,0,2,0]"
1116,25,10,0.525,"[0,3,0,7,0]"
1117,24,10,0.525,"[0,3,0,7,0]"
1118,23,10,0,"[0,10,0,0,0]"
1119,22,23,0.567108,"[0,8,0,15,0]"
1120,23,22,0.542355,"[0,7,0,15,0]"
1121,24,21,0.510204,"[0,6,0,15,0]"
1122,25,17,0.259515,"[0,2,0,15,0]"
1123,26,4,0,"[0,0,0,4,0]"
1124,26,13,0.325444,"[0,2,0,11,0]"
1125,27,7,0,"[0,0,0,7,0]"
1126,27,6,0.555556,"[0,2,0,4,0]"
1127,25,4,0,"[0,4,0,0,0]"
1128,24,1,0,"[0,1,0,0,0]"
1129,23,1,0,"[0,1,0,0,0]"
1130,21,29,0.457788,"[0,7,0,22,0]"
1131,22,23,0.529301,"[0,7,0,16,0]"
1132,23,2,0,"[0,2,0,0,0]"
1133,23,21,0.453515,"[0,5,0,16,0]"
1134,24,4,0.625,"[0,2,0,2,0]"
1135,24,17,0.363322,"[0,3,0,14,0]"
1136,25,10,0,"[0,0,0,10,0]"
1137,25,7,0.612245,"[0,3,0,4,0]"
1138,22,6,0,"[0,0,0,6,0]"
1139,20,12,0,"[0,12,0,0,0]"
1140,18,716,0.0479271,"[0,702,0,14,0]"
1141,19,511,0.0666167,"[0,497,0,14,0]"
1142,20,258,0.102045,"[0,247,0,11,0]"
1143,21,257,0.0934912,"[0,247,0,10,0]"
1144,22,226,0.105725,"[0,216,0,10,0]"
1145,23,11,0.371901,"[0,9,0,2,0]"
1146,24,8,0,"[0,8,0,0,0]"
1147,24,3,0.555556,"[0,1,0,2,0]"
1148,23,215,0.0895619,"[0,207,0,8,0]"
1149,24,212,0.0798215,"[0,205,0,7,0]"
1150,25,35,0.355102,"[0,29,0,6,0]"
1151,26,15,0.488889,"[0,11,0,4,0]"
1152,27,5,0,"[0,5,0,0,0]"
1153,27,10,0.6,"[0,6,0,4,0]"
1154,26,20,0.225,"[0,18,0,2,0]"
1155,27,3,0.555556,"[0,2,0,1,0]"
1156,27,17,0.138408,"[0,16,0,1,0]"
1157,28,16,0,"[0,16,0,0,0]"
1158,28,1,0,"[0,0,0,1,0]"
1159,25,177,0.0140443,"[0,176,0,1,0]"
1160,26,170,0,"[0,170,0,0,0]"
1161,26,7,0.306122,"[0,6,0,1,0]"
1162,24,3,0.555556,"[0,2,0,1,0]"
1163,22,31,0,"[0,31,0,0,0]"
1164,21,1,0,"[0,0,0,1,0]"
1165,20,253,0.0292927,"[0,250,0,3,0]"
1166,21,191,0.0386502,"[0,188,0,3,0]"
1167,22,179,0.0276209,"[0,177,0,2,0]"
1168,23,148,0.0167777,"[0,147,0,1,0]"
1169,24,35,0.0693877,"[0,34,0,1,0]"
1170,25,7,0.306122,"[0,6,0,1,0]"
1171,25,28,0,"[0,28,0,0,0]"
1172,24,113,0,"[0,113,0,0,0]"
1173,23,31,0.0780438,"[0,30,0,1,0]"
1174,24,6,0.347222,"[0,5,0,1,0]"
1175,24,25,0,"[0,25,0,0,0]"
1176,22,12,0.190972,"[0,11,0,1,0]"
1177,23,5,0.4,"[0,4,0,1,0]"
1178,23,7,0,"[0,7,0,0,0]"
1179,21,62,0,"[0,62,0,0,0]"
1180,19,205,0,"[0,205,0,0,0]"
1181,17,9,0.617284,"[0,5,0,4,0]"
1182,15,27,0.624143,"[0,13,0,14,0]"
1183,16,16,0.273438,"[0,2,0,14,0]"
1184,17,3,0.555556,"[0,2,0,1,0]"
1185,17,13,0,"[0,0,0,13,0]"
1186,16,11,0,"[0,11,0,0,0]"
1187,14,42,0.420918,"[0,33,0,9,0]"
1188,15,35,0.253061,"[0,31,0,4,0]"
1189,16,1,0,"[0,0,0,1,0]"
1190,16,34,0.201125,"[0,31,0,3,0]"
1191,17,11,0.495868,"[0,8,0,3,0]"
1192,18,6,0.625,"[0,3,0,3,0]"
1193,18,5,0,"[0,5,0,0,0]"
1194,17,23,0,"[0,23,0,0,0]"
1195,15,7,0.510204,"[0,2,0,5,0]"
1196,12,519,0.367295,"[26,16,21,22,434]"
1197,13,13,0.739645,"[7,0,4,0,2]"
1198,14,8,0.78125,"[2,0,4,0,2]"
1199,14,5,0,"[5,0,0,0,0]"
1200,13,506,0.332092,"[19,16,17,22,432]"
1201,14,13,0.784024,"[1,1,5,0,6]"
1202,15,1,0,"[1,0,0,0,0]"
1203,15,12,0.711806,"[0,1,5,0,6]"
1204,16,5,0,"[0,0,5,0,0]"
1205,16,7,0.306122,"[0,1,0,0,6]"
1206,14,493,0.310616,"[18,15,12,22,426]"
1207,15,1,0,"[1,0,0,0,0]"
1208,15,492,0.306975,"[17,15,12,22,426]"
1209,16,491,0.303249,"[17,15,11,22,426]"
1210,17,125,0.4216,"[8,4,5,7,101]"
1211,18,119,0.358555,"[3,4,5,7,100]"
1212,19,117,0.346811,"[3,4,4,7,99]"
1213,20,112,0.266661,"[3,3,0,7,99]"
1214,21,8,0.742188,"[0,3,0,4,1]"
1215,21,104,0.13799,"[3,0,0,3,98]"
1216,22,1,0,"[1,0,0,0,0]"
1217,22,103,0.116882,"[2,0,0,3,98]"
1218,23,35,0,"[0,0,0,0,35]"
1219,23,68,0.173551,"[2,0,0,3,63]"
1220,24,62,0.152836,"[1,0,0,3,58]"
1221,25,27,0.246914,"[0,0,0,3,24]"
1222,26,1,0,"[0,0,0,1,0]"
1223,26,26,0.177515,"[0,0,0,2,24]"
1224,27,10,0,"[0,0,0,0,10]"
1225,27,16,0.273438,"[0,0,0,2,14]"
1226,28,7,0.510204,"[0,0,0,2,5]"
1227,28,9,0,"[0,0,0,0,9]"
1228,25,35,0.0693877,"[1,0,0,0,34]"
1229,26,34,0,"[0,0,0,0,34]"
1230,26,1,0,"[1,0,0,0,0]"
1231,24,6,0.347222,"[1,0,0,0,5]"
1232,20,5,0.4,"[0,1,4,0,0]"
1233,19,2,0.625,"[0,0,1,0,1]"
1234,18,6,0.347222,"[5,0,0,0,1]"
1235,17,366,0.260048,"[9,11,6,15,325]"
1236,18,28,0.691964,"[2,3,2,3,18]"
1237,19,6,0.763889,"[0,3,0,1,2]"
1238,19,22,0.557851,"[2,0,2,2,16]"
1239,20,16,0.273438,"[0,0,0,2,14]"
1240,21,7,0.510204,"[0,0,0,2,5]"
1241,21,9,0,"[0,0,0,0,9]"
1242,20,6,0.833333,"[2,0,2,0,2]"
1243,18,338,0.215788,"[7,8,4,12,307]"
1244,19,325,0.140308,"[4,1,4,10,306]"
1245,20,321,0.112746,"[3,1,1,10,306]"
1246,21,320,0.105688,"[2,1,1,10,306]"
1247,22,258,0.129988,"[2,1,1,10,244]"
1248,23,252,0.114835,"[2,1,1,8,240]"
1249,24,50,0.312,"[1,0,1,5,43]"
1250,25,33,0.213499,"[1,0,1,1,30]"
1251,26,5,0.4,"[0,0,1,0,4]"
1252,26,28,0.169005,"[1,0,0,1,26]"
1253,27,23,0,"[0,0,0,0,23]"
1254,27,5,0.7,"[1,0,0,1,3]"
1255,25,17,0.449827,"[0,0,0,4,13]"
1256,26,12,0.347222,"[0,0,0,2,10]"
1257,27,2,0,"[0,0,0,2,0]"
1258,27,10,0,"[0,0,0,0,10]"
1259,26,5,0.6,"[0,0,0,2,3]"
1260,24,202,0.0607784,"[1,1,0,3,197]"
1261,25,32,0.148926,"[1,1,0,0,30]"
1262,26,31,0.0780438,"[0,1,0,0,30]"
1263,27,17,0,"[0,0,0,0,17]"
1264,27,14,0.165816,"[0,1,0,0,13]"
1265,28,3,0.555556,"[0,1,0,0,2]"
1266,28,11,0,"[0,0,0,0,11]"
1267,26,1,0,"[1,0,0,0,0]"
1268,25,170,0.043339,"[0,0,0,3,167]"
1269,26,68,0.105428,"[0,0,0,3,65]"
1270,27,44,0.158833,"[0,0,0,3,41]"
1271,28,29,0.231867,"[0,0,0,3,26]"
1272,29,28,0.165816,"[0,0,0,2,26]"
1273,30,25,0,"[0,0,0,0,25]"
1274,30,3,0.555556,"[0,0,0,2,1]"
1275,29,1,0,"[0,0,0,1,0]"
1276,28,15,0,"[0,0,0,0,15]"
1277,27,24,0,"[0,0,0,0,24]"
1278,26,102,0,"[0,0,0,0,102]"
1279,23,6,0.555556,"[0,0,0,2,4]"
1280,22,62,0,"[0,0,0,0,62]"
1281,21,1,0,"[1,0,0,0,0]"
1282,20,4,0.46875,"[1,0,3,0,0]"
1283,19,13,0.784024,"[3,7,0,2,1]"
1284,20,8,0.898438,"[3,2,0,2,1]"
1285,20,5,0,"[0,5,0,0,0]"
1286,16,1,0,"[0,0,1,0,0]"
1287,11,274,0.635323,"[8,180,1,22,63]"
1288,12,57,0.733303,"[2,31,1,4,19]"
1289,13,1,0,"[0,0,0,0,1]"
1290,13,56,0.729432,"[2,31,1,4,18]"
1291,14,40,0.464062,"[0,31,0,3,6]"
1292,15,34,0.525519,"[0,25,0,3,6]"
1293,16,28,0.239158,"[0,25,0,3,0]"
1294,17,19,0,"[0,19,0,0,0]"
1295,17,9,0.555556,"[0,6,0,3,0]"
1296,16,6,0,"[0,0,0,0,6]"
1297,15,6,0,"[0,6,0,0,0]"
1298,14,16,0.517578,"[2,0,1,1,12]"
1299,15,14,0.318877,"[1,0,1,0,12]"
1300,16,1,0,"[1,0,0,0,0]"
1301,16,13,0.177515,"[0,0,1,0,12]"
1302,17,12,0,"[0,0,0,0,12]"
1303,17,1,0,"[0,0,1,0,0]"
1304,15,2,0.625,"[1,0,0,1,0]"
1305,12,217,0.599715,"[6,149,0,18,44]"
1306,13,157,0.300925,"[1,136,0,13,7]"
1307,14,141,0.17982,"[0,130,0,11,0]"
1308,15,44,0.0555268,"[0,43,0,1,0]"
1309,16,24,0,"[0,24,0,0,0]"
1310,16,20,0.11875,"[0,19,0,1,0]"
1311,17,3,0.555556,"[0,2,0,1,0]"
1312,17,17,0,"[0,17,0,0,0]"
1313,15,97,0.231162,"[0,87,0,10,0]"
1314,16,15,0,"[0,15,0,0,0]"
1315,16,82,0.267698,"[0,72,0,10,0]"
1316,17,1,0,"[0,0,0,1,0]"
1317,17,81,0.246914,"[0,72,0,9,0]"
1318,18,65,0.298225,"[0,56,0,9,0]"
1319,19,52,0.357803,"[0,43,0,9,0]"
1320,20,7,0.612245,"[0,3,0,4,0]"
1321,20,45,0.246914,"[0,40,0,5,0]"
1322,21,32,0.146484,"[0,30,0,2,0]"
1323,22,4,0.625,"[0,2,0,2,0]"
1324,22,28,0,"[0,28,0,0,0]"
1325,21,13,0.443787,"[0,10,0,3,0]"
1326,22,3,0,"[0,0,0,3,0]"
1327,22,10,0,"[0,10,0,0,0]"
1328,19,13,0,"[0,13,0,0,0]"
1329,18,16,0,"[0,16,0,0,0]"
1330,14,16,0.810547,"[1,6,0,2,7]"
1331,15,4,0,"[0,0,0,0,4]"
1332,15,12,0.815972,"[1,6,0,2,3]"
1333,16,4,0,"[0,4,0,0,0]"
1334,16,8,0.898438,"[1,2,0,2,3]"
1335,13,60,0.698611,"[5,13,0,5,37]"
1336,14,58,0.677765,"[5,11,0,5,37]"
1337,15,47,0.519466,"[1,7,0,4,35]"
1338,16,44,0.476498,"[1,5,0,4,34]"
1339,17,3,0.555556,"[0,1,0,2,0]"
1340,17,41,0.374777,"[1,4,0,2,34]"
1341,18,2,0.625,"[1,1,0,0,0]"
1342,18,39,0.289283,"[0,3,0,2,34]"
1343,19,3,0.555556,"[0,2,0,1,0]"
1344,19,36,0.133102,"[0,1,0,1,34]"
1345,20,2,0.625,"[0,1,0,1,0]"
1346,20,34,0,"[0,0,0,0,34]"
1347,16,3,0.555556,"[0,2,0,0,1]"
1348,15,11,0.867769,"[4,4,0,1,2]"
1349,16,4,0.78125,"[1,1,0,0,2]"
1350,16,7,0.765306,"[3,3,0,1,0]"
1351,14,2,0,"[0,2,0,0,0]"
1352,10,180,0.720602,"[2,63,9,8,98]"
1353,11,167,0.722955,"[2,61,7,8,89]"
1354,12,129,0.738688,"[2,59,3,8,57]"
1355,13,116,0.736103,"[1,47,3,8,57]"
1356,14,50,0.301,"[0,43,0,7,0]"
1357,15,9,0.617284,"[0,4,0,5,0]"
1358,15,41,0.116002,"[0,39,0,2,0]"
1359,16,20,0.225,"[0,18,0,2,0]"
1360,17,14,0,"[0,14,0,0,0]"
1361,17,6,0.555556,"[0,4,0,2,0]"
1362,16,21,0,"[0,21,0,0,0]"
1363,14,66,0.309917,"[1,4,3,1,57]"
1364,15,60,0.195833,"[1,3,0,1,55]"
1365,16,25,0.348,"[0,3,0,1,21]"
1366,17,24,0.282118,"[0,2,0,1,21]"
1367,18,19,0.124654,"[0,0,0,1,18]"
1368,19,16,0,"[0,0,0,0,16]"
1369,19,3,0.555556,"[0,0,0,1,2]"
1370,18,5,0.6,"[0,2,0,0,3]"
1371,17,1,0,"[0,1,0,0,0]"
1372,16,35,0.0693877,"[1,0,0,0,34]"
1373,17,32,0,"[0,0,0,0,32]"
1374,17,3,0.555556,"[1,0,0,0,2]"
1375,15,6,0.763889,"[0,1,3,0,2]"
1376,13,13,0.177515,"[1,12,0,0,0]"
1377,14,6,0.347222,"[1,5,0,0,0]"
1378,14,7,0,"[0,7,0,0,0]"
1379,12,38,0.34626,"[0,2,4,0,32]"
1380,13,29,0.163496,"[0,1,1,0,27]"
1381,14,2,0.625,"[0,1,0,0,1]"
1382,14,27,0.0891632,"[0,0,1,0,26]"
1383,15,25,0,"[0,0,0,0,25]"
1384,15,2,0.625,"[0,0,1,0,1]"
1385,13,9,0.709876,"[0,1,3,0,5]"
1386,11,13,0.591716,"[0,2,2,0,9]"
1387,12,11,0.392562,"[0,1,1,0,9]"
1388,13,2,0.625,"[0,1,0,0,1]"
1389,13,9,0.246914,"[0,0,1,0,8]"
1390,12,2,0.625,"[0,1,1,0,0]"
1391,9,202,0.846057,"[11,78,79,8,26]"
1392,10,70,0.895408,"[7,26,5,8,24]"
1393,11,41,0.84771,"[3,19,1,7,11]"
1394,12,16,0.605469,"[3,0,1,1,11]"
1395,13,3,0.555556,"[2,0,0,0,1]"
1396,13,13,0.488166,"[1,0,1,1,10]"
1397,14,12,0.364583,"[1,0,1,0,10]"
1398,15,1,0,"[1,0,0,0,0]"
1399,15,11,0.206611,"[0,0,1,0,10]"
1400,16,3,0.555556,"[0,0,1,0,2]"
1401,16,8,0,"[0,0,0,0,8]"
1402,14,1,0,"[0,0,0,1,0]"
1403,12,25,0.456,"[0,19,0,6,0]"
1404,13,1,0,"[0,0,0,1,0]"
1405,13,24,0.412326,"[0,19,0,5,0]"
1406,14,5,0.4,"[0,1,0,4,0]"
1407,14,19,0.124654,"[0,18,0,1,0]"
1408,15,18,0,"[0,18,0,0,0]"
1409,15,1,0,"[0,0,0,1,0]"
1410,11,29,0.876932,"[4,7,4,1,13]"
1411,12,19,0.734072,"[1,5,1,1,11]"
1412,13,1,0,"[0,0,0,1,0]"
1413,13,18,0.679012,"[1,5,1,0,11]"
1414,14,1,0,"[1,0,0,0,0]"
1415,14,17,0.614187,"[0,5,1,0,11]"
1416,15,2,0.625,"[0,1,1,0,0]"
1417,15,15,0.488889,"[0,4,0,0,11]"
1418,16,3,0,"[0,0,0,0,3]"
1419,16,12,0.555556,"[0,4,0,0,8]"
1420,17,7,0.612245,"[0,4,0,0,3]"
1421,17,5,0,"[0,0,0,0,5]"
1422,12,10,0.925,"[3,2,3,0,2]"
1423,10,132,0.661731,"[4,52,74,0,2]"
1424,11,122,0.650363,"[4,44,72,0,2]"
1425,12,52,0.325444,"[0,44,8,0,0]"
1426,13,42,0.385488,"[0,34,8,0,0]"
1427,14,6,0.625,"[0,3,3,0,0]"
1428,14,36,0.298997,"[0,31,5,0,0]"
1429,15,27,0.171468,"[0,25,2,0,0]"
1430,16,11,0,"[0,11,0,0,0]"
1431,16,16,0.273438,"[0,14,2,0,0]"
1432,17,2,0,"[0,0,2,0,0]"
1433,17,14,0,"[0,14,0,0,0]"
1434,15,9,0.555556,"[0,6,3,0,0]"
1435,13,10,0,"[0,10,0,0,0]"
1436,12,70,0.2,"[4,0,64,0,2]"
1437,13,38,0.0640582,"[1,0,37,0,0]"
1438,14,21,0,"[0,0,21,0,0]"
1439,14,17,0.138408,"[1,0,16,0,0]"
1440,15,11,0,"[0,0,11,0,0]"
1441,15,6,0.347222,"[1,0,5,0,0]"
1442,13,32,0.344238,"[3,0,27,0,2]"
1443,14,3,0.555556,"[1,0,0,0,2]"
1444,14,29,0.160523,"[2,0,27,0,0]"
1445,15,18,0.246914,"[2,0,16,0,0]"
1446,16,13,0,"[0,0,13,0,0]"
1447,16,5,0.6,"[2,0,3,0,0]"
1448,15,11,0,"[0,0,11,0,0]"
1449,11,10,0.4,"[0,8,2,0,0]"
1450,6,61,0.65641,"[6,40,1,11,3]"
1451,7,10,0.8,"[5,1,1,0,3]"
1452,7,51,0.4604,"[1,39,0,11,0]"
1453,8,30,0.608333,"[1,19,0,10,0]"
1454,9,25,0.656,"[1,14,0,10,0]"
1455,10,15,0.622222,"[0,7,0,8,0]"
1456,11,10,0.525,"[0,3,0,7,0]"
1457,11,5,0.4,"[0,4,0,1,0]"
1458,10,10,0.575,"[1,7,0,2,0]"
1459,9,5,0,"[0,5,0,0,0]"
1460,8,21,0.113379,"[0,20,0,1,0]"
1461,9,11,0,"[0,11,0,0,0]"
1462,9,10,0.225,"[0,9,0,1,0]"
1463,5,3258,0.898199,"[701,214,1070,139,1134]"
1464,6,2015,0.858019,"[380,152,398,119,966]"
1465,7,1841,0.830061,"[324,106,388,94,929]"
1466,8,1505,0.784253,"[241,79,262,84,839]"
1467,9,941,0.575955,"[79,59,51,74,678]"
1468,10,784,0.512868,"[49,43,32,66,594]"
1469,11,19,0.810249,"[3,6,1,0,9]"
1470,12,18,0.779321,"[2,6,1,0,9]"
1471,13,16,0.751953,"[2,4,1,0,9]"
1472,14,8,0.625,"[0,4,0,0,4]"
1473,14,8,0.664062,"[2,0,1,0,5]"
1474,13,2,0,"[0,2,0,0,0]"
1475,12,1,0,"[1,0,0,0,0]"
1476,11,765,0.500231,"[46,37,31,66,585]"
1477,12,757,0.485896,"[43,35,30,64,585]"
1478,13,15,0.944444,"[5,4,1,3,2]"
1479,14,3,0.555556,"[0,0,1,0,2]"
1480,14,12,0.815972,"[5,4,0,3,0]"
1481,15,2,0,"[0,0,0,2,0]"
1482,15,10,0.725,"[5,4,0,1,0]"
1483,13,742,0.462499,"[38,31,29,61,583]"
1484,14,712,0.411446,"[34,21,29,49,579]"
1485,15,65,0.84142,"[6,11,0,30,18]"
1486,16,9,0.555556,"[0,3,0,6,0]"
1487,16,56,0.851403,"[6,8,0,24,18]"
1488,17,54,0.833333,"[6,6,0,24,18]"
1489,18,21,0.498866,"[2,2,0,16,1]"
1490,19,12,0.347222,"[0,2,0,10,0]"
1491,20,11,0.206611,"[0,1,0,10,0]"
1492,21,5,0.4,"[0,1,0,4,0]"
1493,21,6,0,"[0,0,0,6,0]"
1494,20,1,0,"[0,1,0,0,0]"
1495,19,9,0.617284,"[2,0,0,6,1]"
1496,18,33,0.808081,"[4,4,0,8,17]"
1497,19,11,0.661157,"[2,2,0,0,7]"
1498,20,7,0.306122,"[0,1,0,0,6]"
1499,20,4,0.78125,"[2,1,0,0,1]"
1500,19,22,0.805785,"[2,2,0,8,10]"
1501,20,20,0.825,"[2,2,0,8,8]"
1502,21,5,0.4,"[0,0,0,4,1]"
1503,21,15,0.844444,"[2,2,0,4,7]"
1504,22,5,0.7,"[0,1,0,3,1]"
1505,22,10,0.725,"[2,1,0,1,6]"
1506,20,2,0,"[0,0,0,0,2]"
1507,17,2,0,"[0,2,0,0,0]"
1508,15,647,0.303989,"[28,10,29,19,561]"
1509,16,588,0.252926,"[15,6,25,18,524]"
1510,17,567,0.215832,"[13,6,15,18,515]"
1511,18,476,0.188987,"[10,4,6,18,438]"
1512,19,471,0.181267,"[9,4,5,18,435]"
1513,20,1,0,"[0,1,0,0,0]"
1514,20,470,0.176754,"[9,3,5,18,435]"
1515,21,463,0.159363,"[9,3,1,18,432]"
1516,22,307,0.198464,"[8,2,0,16,281]"
1517,23,298,0.159565,"[6,2,0,12,278]"
1518,24,243,0.128453,"[4,1,0,8,230]"
1519,25,33,0.330578,"[1,0,0,4,28]"
1520,26,11,0.495868,"[0,0,0,3,8]"
1521,27,6,0.347222,"[0,0,0,1,5]"
1522,27,5,0.6,"[0,0,0,2,3]"
1523,26,22,0.211777,"[1,0,0,1,20]"
1524,27,4,0.46875,"[0,0,0,1,3]"
1525,27,18,0.131173,"[1,0,0,0,17]"
1526,28,13,0,"[0,0,0,0,13]"
1527,28,5,0.4,"[1,0,0,0,4]"
1528,25,210,0.0926869,"[3,1,0,4,202]"
1529,26,163,0.0747112,"[0,1,0,4,158]"
1530,27,40,0.279687,"[0,1,0,4,35]"
1531,28,1,0,"[0,0,0,1,0]"
1532,28,39,0.235043,"[0,1,0,3,35]"
1533,29,38,0.185249,"[0,1,0,2,35]"
1534,30,16,0.400391,"[0,1,0,2,13]"
1535,31,14,0.318877,"[0,1,0,1,12]"
1536,32,7,0,"[0,0,0,0,7]"
1537,32,7,0.561225,"[0,1,0,1,5]"
1538,31,2,0.625,"[0,0,0,1,1]"
1539,30,22,0,"[0,0,0,0,22]"
1540,29,1,0,"[0,0,0,1,0]"
1541,27,123,1.49012e-7,"[0,0,0,0,123]"
1542,26,47,0.149389,"[3,0,0,0,44]"
1543,27,42,0,"[0,0,0,0,42]"
1544,27,5,0.6,"[3,0,0,0,2]"
1545,24,55,0.289256,"[2,1,0,4,48]"
1546,25,2,0.625,"[0,0,0,1,1]"
1547,25,53,0.260769,"[2,1,0,3,47]"
1548,26,52,0.222818,"[2,0,0,3,47]"
1549,27,3,0,"[0,0,0,3,0]"
1550,27,49,0.097876,"[2,0,0,0,47]"
1551,28,7,0.306122,"[1,0,0,0,6]"
1552,28,42,0.0581065,"[1,0,0,0,41]"
1553,29,13,0.177515,"[1,0,0,0,12]"
1554,30,11,0,"[0,0,0,0,11]"
1555,30,2,0.625,"[1,0,0,0,1]"
1556,29,29,0,"[0,0,0,0,29]"
1557,26,1,0,"[0,1,0,0,0]"
1558,23,9,0.802469,"[2,0,0,4,3]"
1559,22,156,0.0784845,"[1,1,1,2,151]"
1560,23,145,0.0676576,"[1,0,1,2,141]"
1561,24,143,0.0515918,"[1,0,0,2,140]"
1562,25,88,0.0829674,"[1,0,0,2,85]"
1563,26,86,0.0567875,"[0,0,0,2,84]"
1564,27,35,0.134694,"[0,0,0,2,33]"
1565,28,4,0.46875,"[0,0,0,1,3]"
1566,28,31,0.0780438,"[0,0,0,1,30]"
1567,29,30,0,"[0,0,0,0,30]"
1568,29,1,0,"[0,0,0,1,0]"
1569,27,51,0,"[0,0,0,0,51]"
1570,26,2,0.625,"[1,0,0,0,1]"
1571,25,55,1.49012e-7,"[0,0,0,0,55]"
1572,24,2,0.625,"[0,0,1,0,1]"
1573,23,11,0.206611,"[0,1,0,0,10]"
1574,24,2,0.625,"[0,1,0,0,1]"
1575,24,9,0,"[0,0,0,0,9]"
1576,21,7,0.612245,"[0,0,4,0,3]"
1577,19,5,0.7,"[1,0,1,0,3]"
1578,18,91,0.34084,"[3,2,9,0,77]"
1579,19,66,0.213499,"[2,2,2,0,60]"
1580,20,5,0.6,"[2,0,0,0,3]"
1581,20,61,0.155872,"[0,2,2,0,57]"
1582,21,29,0.0832343,"[0,1,0,0,28]"
1583,22,11,0.206611,"[0,1,0,0,10]"
1584,23,2,0.625,"[0,1,0,0,1]"
1585,23,9,0,"[0,0,0,0,9]"
1586,22,18,0,"[0,0,0,0,18]"
1587,21,32,0.217285,"[0,1,2,0,29]"
1588,22,9,0,"[0,0,0,0,9]"
1589,22,23,0.293006,"[0,1,2,0,20]"
1590,23,1,0,"[0,0,1,0,0]"
1591,23,22,0.211777,"[0,1,1,0,20]"
1592,24,21,0.113379,"[0,1,0,0,20]"
1593,25,17,0,"[0,0,0,0,17]"
1594,25,4,0.46875,"[0,1,0,0,3]"
1595,24,1,0,"[0,0,1,0,0]"
1596,19,25,0.572,"[1,0,7,0,17]"
1597,20,19,0.33241,"[0,0,3,0,16]"
1598,21,18,0.246914,"[0,0,2,0,16]"
1599,22,16,0,"[0,0,0,0,16]"
1600,22,2,0,"[0,0,2,0,0]"
1601,21,1,0,"[0,0,1,0,0]"
1602,20,6,0.625,"[1,0,4,0,1]"
1603,17,21,0.725624,"[2,0,10,0,9]"
1604,18,10,0.225,"[1,0,0,0,9]"
1605,18,11,0.206611,"[1,0,10,0,0]"
1606,19,8,0,"[0,0,8,0,0]"
1607,19,3,0.555556,"[1,0,2,0,0]"
1608,16,59,0.685866,"[13,4,4,1,37]"
1609,17,47,0.58737,"[8,1,4,1,33]"
1610,18,46,0.562382,"[8,1,3,1,33]"
1611,19,2,0.625,"[1,0,1,0,0]"
1612,19,44,0.511364,"[7,1,2,1,33]"
1613,20,36,0.372299,"[2,1,2,1,30]"
1614,21,3,0.833333,"[1,0,1,0,1]"
1615,21,33,0.280073,"[1,1,1,1,29]"
1616,22,2,0.625,"[0,1,0,1,0]"
1617,22,31,0.153486,"[1,0,1,0,29]"
1618,23,4,0.46875,"[1,0,0,0,3]"
1619,23,27,0.0891632,"[0,0,1,0,26]"
1620,24,23,0,"[0,0,0,0,23]"
1621,24,4,0.46875,"[0,0,1,0,3]"
1622,20,8,0.585938,"[5,0,0,0,3]"
1623,18,1,0,"[0,0,1,0,0]"
1624,17,12,0.815972,"[5,3,0,0,4]"
1625,18,1,0,"[0,0,0,0,1]"
1626,18,11,0.805785,"[5,3,0,0,3]"
1627,19,6,0.555556,"[4,0,0,0,2]"
1628,19,5,0.7,"[1,3,0,0,1]"
1629,14,30,0.866667,"[4,10,0,12,4]"
1630,15,5,0.4,"[0,1,0,4,0]"
1631,15,25,0.896,"[4,9,0,8,4]"
1632,16,9,0.771605,"[1,1,0,5,2]"
1633,16,16,0.830078,"[3,8,0,3,2]"
1634,17,15,0.8,"[2,8,0,3,2]"
1635,18,11,0.495868,"[0,8,0,3,0]"
1636,19,7,0.612245,"[0,4,0,3,0]"
1637,19,4,0,"[0,4,0,0,0]"
1638,18,4,0.625,"[2,0,0,0,2]"
1639,17,1,0,"[1,0,0,0,0]"
1640,12,8,0.898438,"[3,2,1,2,0]"
1641,10,157,0.812,"[30,16,19,8,84]"
1642,11,131,0.739613,"[16,10,19,7,79]"
1643,12,109,0.717322,"[13,10,11,7,68]"
1644,13,106,0.69353,"[12,8,11,7,68]"
1645,14,56,0.819515,"[9,5,7,5,30]"
1646,15,51,0.752595,"[9,5,2,5,30]"
1647,16,46,0.669896,"[7,2,2,5,30]"
1648,17,35,0.581633,"[3,2,1,4,25]"
1649,18,3,0,"[3,0,0,0,0]"
1650,18,32,0.461426,"[0,2,1,4,25]"
1651,19,2,0,"[0,0,0,2,0]"
1652,19,30,0.369444,"[0,2,1,2,25]"
1653,20,29,0.312128,"[0,1,1,2,25]"
1654,21,2,0.625,"[0,0,1,0,1]"
1655,21,27,0.253772,"[0,1,0,2,24]"
1656,22,26,0.177515,"[0,0,0,2,24]"
1657,23,10,0.4,"[0,0,0,2,8]"
1658,23,16,0,"[0,0,0,0,16]"
1659,22,1,0,"[0,1,0,0,0]"
1660,20,1,0,"[0,1,0,0,0]"
1661,17,11,0.805785,"[4,0,1,1,5]"
1662,18,4,0.46875,"[3,0,0,0,1]"
1663,18,7,0.765306,"[1,0,1,1,4]"
1664,16,5,0.6,"[2,3,0,0,0]"
1665,15,5,0,"[0,0,5,0,0]"
1666,14,50,0.509,"[3,3,4,2,38]"
1667,15,25,0.096,"[0,0,0,1,24]"
1668,16,7,0.306122,"[0,0,0,1,6]"
1669,16,18,0,"[0,0,0,0,18]"
1670,15,25,0.788,"[3,3,4,1,14]"
1671,16,1,0,"[0,1,0,0,0]"
1672,16,24,0.759549,"[3,2,4,1,14]"
1673,17,2,0.625,"[0,0,1,1,0]"
1674,17,22,0.686983,"[3,2,3,0,14]"
1675,18,2,0,"[0,2,0,0,0]"
1676,18,20,0.58125,"[3,0,3,0,14]"
1677,19,6,0.833333,"[2,0,2,0,2]"
1678,19,14,0.318877,"[1,0,1,0,12]"
1679,20,13,0.177515,"[0,0,1,0,12]"
1680,21,1,0,"[0,0,1,0,0]"
1681,21,12,0,"[0,0,0,0,12]"
1682,20,1,0,"[1,0,0,0,0]"
1683,13,3,0.555556,"[1,2,0,0,0]"
1684,12,22,0.748967,"[3,0,8,0,11]"
1685,13,6,0,"[0,0,6,0,0]"
1686,13,16,0.595703,"[3,0,2,0,11]"
1687,14,1,0,"[0,0,1,0,0]"
1688,14,15,0.522222,"[3,0,1,0,11]"
1689,15,14,0.446428,"[2,0,1,0,11]"
1690,16,13,0.340237,"[1,0,1,0,11]"
1691,17,10,0.225,"[1,0,0,0,9]"
1692,17,3,0.555556,"[0,0,1,0,2]"
1693,16,1,0,"[1,0,0,0,0]"
1694,15,1,0,"[1,0,0,0,0]"
1695,11,26,0.772929,"[14,6,0,1,5]"
1696,12,8,0.820312,"[2,4,0,1,1]"
1697,12,18,0.617284,"[12,2,0,0,4]"
1698,13,11,0.785124,"[5,2,0,0,4]"
1699,14,6,0.763889,"[1,2,0,0,3]"
1700,14,5,0.4,"[4,0,0,0,1]"
1701,13,7,0,"[7,0,0,0,0]"
1702,9,564,0.868095,"[162,20,211,10,161]"
1703,10,431,0.855454,"[106,15,166,4,140]"
1704,11,256,0.822334,"[42,15,71,4,124]"
1705,12,165,0.782186,"[23,10,38,4,90]"
1706,13,162,0.770843,"[20,10,38,4,90]"
1707,14,139,0.693287,"[13,10,24,4,88]"
1708,15,124,0.567768,"[8,2,24,2,88]"
1709,16,112,0.504624,"[4,2,20,2,84]"
1710,17,72,0.510706,"[0,1,19,0,52]"
1711,18,56,0.165816,"[0,0,4,0,52]"
1712,19,9,0.555556,"[0,0,3,0,6]"
1713,19,47,0.0520599,"[0,0,1,0,46]"
1714,20,23,0,"[0,0,0,0,23]"
1715,20,24,0.0998263,"[0,0,1,0,23]"
1716,21,9,0.246914,"[0,0,1,0,8]"
1717,21,15,0,"[0,0,0,0,15]"
1718,18,16,0.146484,"[0,1,15,0,0]"
1719,19,13,0,"[0,0,13,0,0]"
1720,19,3,0.555556,"[0,1,2,0,0]"
1721,17,40,0.432812,"[4,1,1,2,32]"
1722,18,35,0.263265,"[1,1,0,2,31]"
1723,19,3,0.555556,"[0,1,0,2,0]"
1724,19,32,0.0756836,"[1,0,0,0,31]"
1725,20,14,0.165816,"[1,0,0,0,13]"
1726,21,1,0,"[1,0,0,0,0]"
1727,21,13,0,"[0,0,0,0,13]"
1728,20,18,0,"[0,0,0,0,18]"
1729,18,5,0.7,"[3,0,1,0,1]"
1730,16,12,0.833333,"[4,0,4,0,4]"
1731,17,5,0.7,"[1,0,3,0,1]"
1732,17,7,0.765306,"[3,0,1,0,3]"
1733,15,15,0.733333,"[5,8,0,2,0]"
1734,16,13,0.680473,"[3,8,0,2,0]"
1735,17,9,0.709876,"[3,5,0,1,0]"
1736,17,4,0.46875,"[0,3,0,1,0]"
1737,16,2,0,"[2,0,0,0,0]"
1738,14,23,0.661626,"[7,0,14,0,2]"
1739,15,20,0.55625,"[5,0,14,0,1]"
1740,16,3,0,"[3,0,0,0,0]"
1741,16,17,0.380623,"[2,0,14,0,1]"
1742,17,13,0.177515,"[1,0,12,0,0]"
1743,18,4,0.46875,"[1,0,3,0,0]"
1744,18,9,0,"[0,0,9,0,0]"
1745,17,4,0.78125,"[1,0,2,0,1]"
1746,15,3,0.555556,"[2,0,0,0,1]"
1747,13,3,0,"[3,0,0,0,0]"
1748,12,91,0.852856,"[19,5,33,0,34]"
1749,13,85,0.841176,"[15,5,33,0,32]"
1750,14,60,0.756944,"[7,1,23,0,29]"
1751,15,36,0.590278,"[3,1,7,0,25]"
1752,16,24,0.724826,"[3,1,6,0,14]"
1753,17,19,0.574792,"[1,0,5,0,13]"
1754,18,9,0.246914,"[1,0,0,0,8]"
1755,18,10,0.625,"[0,0,5,0,5]"
1756,17,5,0.9,"[2,1,1,0,1]"
1757,16,12,0.190972,"[0,0,1,0,11]"
1758,17,10,0,"[0,0,0,0,10]"
1759,17,2,0.625,"[0,0,1,0,1]"
1760,15,24,0.625,"[4,0,16,0,4]"
1761,16,3,0,"[0,0,3,0,0]"
1762,16,21,0.680272,"[4,0,13,0,4]"
1763,17,13,0.828402,"[4,0,5,0,4]"
1764,18,2,0,"[2,0,0,0,0]"
1765,18,11,0.785124,"[2,0,5,0,4]"
1766,19,9,0.617284,"[0,0,5,0,4]"
1767,19,2,0,"[2,0,0,0,0]"
1768,17,8,0,"[0,0,8,0,0]"
1769,14,25,0.872,"[8,4,10,0,3]"
1770,15,7,0.612245,"[0,3,4,0,0]"
1771,15,18,0.825617,"[8,1,6,0,3]"
1772,16,16,0.810547,"[8,1,4,0,3]"
1773,17,8,0.820312,"[1,1,4,0,2]"
1774,17,8,0.273438,"[7,0,0,0,1]"
1775,16,2,0,"[0,0,2,0,0]"
1776,13,6,0.555556,"[4,0,0,0,2]"
1777,11,175,0.704,"[64,0,95,0,16]"
1778,12,130,0.631805,"[37,0,83,0,10]"
1779,13,69,0.52405,"[10,0,51,0,8]"
1780,14,62,0.441597,"[7,0,49,0,6]"
1781,15,57,0.380117,"[4,0,47,0,6]"
1782,16,10,0.6,"[4,0,0,0,6]"
1783,16,47,1.49012e-7,"[0,0,47,0,0]"
1784,15,5,0.6,"[3,0,2,0,0]"
1785,14,7,0.816326,"[3,0,2,0,2]"
1786,13,61,0.659769,"[27,0,32,0,2]"
1787,14,46,0.58483,"[15,0,30,0,1]"
1788,15,9,0.617284,"[5,0,4,0,0]"
1789,15,37,0.540541,"[10,0,26,0,1]"
1790,16,36,0.518904,"[9,0,26,0,1]"
1791,17,33,0.417814,"[7,0,26,0,0]"
1792,18,4,0,"[4,0,0,0,0]"
1793,18,29,0.231867,"[3,0,26,0,0]"
1794,19,27,0.171468,"[2,0,25,0,0]"
1795,20,26,0.0924556,"[1,0,25,0,0]"
1796,21,9,0.246914,"[1,0,8,0,0]"
1797,21,17,0,"[0,0,17,0,0]"
1798,20,1,0,"[1,0,0,0,0]"
1799,19,2,0.625,"[1,0,1,0,0]"
1800,17,3,0.555556,"[2,0,0,0,1]"
1801,16,1,0,"[1,0,0,0,0]"
1802,14,15,0.422222,"[12,0,2,0,1]"
1803,15,2,0,"[0,0,2,0,0]"
1804,15,13,0.177515,"[12,0,0,0,1]"
1805,16,2,0.625,"[1,0,0,0,1]"
1806,16,11,0,"[11,0,0,0,0]"
1807,12,45,0.688889,"[27,0,12,0,6]"
1808,13,40,0.73125,"[22,0,12,0,6]"
1809,14,6,0,"[6,0,0,0,0]"
1810,14,34,0.778547,"[16,0,12,0,6]"
1811,15,15,0.6,"[9,0,0,0,6]"
1812,16,11,0.371901,"[9,0,0,0,2]"
1813,17,9,0.246914,"[8,0,0,0,1]"
1814,17,2,0.625,"[1,0,0,0,1]"
1815,16,4,0,"[0,0,0,0,4]"
1816,15,19,0.581717,"[7,0,12,0,0]"
1817,16,5,0.4,"[4,0,1,0,0]"
1818,16,14,0.420918,"[3,0,11,0,0]"
1819,17,12,0.190972,"[1,0,11,0,0]"
1820,18,5,0,"[0,0,5,0,0]"
1821,18,7,0.306122,"[1,0,6,0,0]"
1822,17,2,0,"[2,0,0,0,0]"
1823,13,5,0,"[5,0,0,0,0]"
1824,10,133,0.849822,"[56,5,45,6,21]"
1825,11,42,0.113379,"[2,0,40,0,0]"
1826,12,41,0.0594885,"[1,0,40,0,0]"
1827,13,34,0,"[0,0,34,0,0]"
1828,13,7,0.306122,"[1,0,6,0,0]"
1829,12,1,0,"[1,0,0,0,0]"
1830,11,91,0.730286,"[54,5,5,6,21]"
1831,12,58,0.791469,"[28,0,5,5,20]"
1832,13,48,0.830078,"[18,0,5,5,20]"
1833,14,2,0,"[2,0,0,0,0]"
1834,14,46,0.83294,"[16,0,5,5,20]"
1835,15,18,0.825617,"[2,0,4,3,9]"
1836,16,15,0.888889,"[2,0,4,3,6]"
1837,17,8,0.742188,"[1,0,0,3,4]"
1838,17,7,0.714286,"[1,0,4,0,2]"
1839,16,3,0,"[0,0,0,0,3]"
1840,15,28,0.736607,"[14,0,1,2,11]"
1841,16,5,0.4,"[4,0,1,0,0]"
1842,16,23,0.718336,"[10,0,0,2,11]"
1843,17,3,0.555556,"[2,0,0,1,0]"
1844,17,20,0.66875,"[8,0,0,1,11]"
1845,18,18,0.640432,"[6,0,0,1,11]"
1846,19,17,0.570934,"[6,0,0,0,11]"
1847,20,14,0.420918,"[3,0,0,0,11]"
1848,21,6,0.625,"[3,0,0,0,3]"
1849,21,8,0,"[0,0,0,0,8]"
1850,20,3,0,"[3,0,0,0,0]"
1851,19,1,0,"[0,0,0,1,0]"
1852,18,2,0,"[2,0,0,0,0]"
1853,13,10,0,"[10,0,0,0,0]"
1854,12,33,0.443067,"[26,5,0,1,1]"
1855,13,29,0.306183,"[25,3,0,1,0]"
1856,14,24,0.195312,"[22,1,0,1,0]"
1857,15,23,0.10397,"[22,1,0,0,0]"
1858,16,11,0.206611,"[10,1,0,0,0]"
1859,17,10,0,"[10,0,0,0,0]"
1860,17,1,0,"[0,1,0,0,0]"
1861,16,12,0,"[12,0,0,0,0]"
1862,15,1,0,"[0,0,0,1,0]"
1863,14,5,0.6,"[3,2,0,0,0]"
1864,13,4,0.78125,"[1,2,0,0,1]"
1865,8,336,0.89908,"[83,27,126,10,90]"
1866,9,315,0.896246,"[68,27,122,10,88]"
1867,10,246,0.896333,"[41,24,94,10,77]"
1868,11,142,0.735593,"[6,2,72,7,55]"
1869,12,41,0.449138,"[2,0,32,0,7]"
1870,13,7,0.612245,"[0,0,4,0,3]"
1871,13,34,0.380623,"[2,0,28,0,4]"
1872,14,2,0.625,"[1,0,1,0,0]"
1873,14,32,0.339355,"[1,0,27,0,4]"
1874,15,9,0.617284,"[1,0,6,0,2]"
1875,15,23,0.198488,"[0,0,21,0,2]"
1876,16,1,0,"[0,0,0,0,1]"
1877,16,22,0.108471,"[0,0,21,0,1]"
1878,17,21,0,"[0,0,21,0,0]"
1879,17,1,0,"[0,0,0,0,1]"
1880,12,101,0.76316,"[4,2,40,7,48]"
1881,13,67,0.654934,"[2,2,12,7,44]"
1882,14,60,0.542361,"[0,2,7,7,44]"
1883,15,52,0.409578,"[0,2,1,7,42]"
1884,16,11,0,"[0,0,0,0,11]"
1885,16,41,0.495241,"[0,2,1,7,31]"
1886,17,12,0,"[0,0,0,0,12]"
1887,17,29,0.633175,"[0,2,1,7,19]"
1888,18,26,0.595414,"[0,2,1,5,18]"
1889,19,24,0.490451,"[0,0,1,5,18]"
1890,20,7,0.510204,"[0,0,0,5,2]"
1891,20,17,0.138408,"[0,0,1,0,16]"
1892,21,8,0,"[0,0,0,0,8]"
1893,21,9,0.246914,"[0,0,1,0,8]"
1894,19,2,0,"[0,2,0,0,0]"
1895,18,3,0.555556,"[0,0,0,2,1]"
1896,15,8,0.46875,"[0,0,6,0,2]"
1897,14,7,0.510204,"[2,0,5,0,0]"
1898,13,34,0.380623,"[2,0,28,0,4]"
1899,14,19,0.512465,"[1,0,14,0,4]"
1900,15,5,0.7,"[1,0,1,0,3]"
1901,15,14,0.165816,"[0,0,13,0,1]"
1902,16,12,0,"[0,0,12,0,0]"
1903,16,2,0.625,"[0,0,1,0,1]"
1904,14,15,0.155555,"[1,0,14,0,0]"
1905,15,10,0,"[0,0,10,0,0]"
1906,15,5,0.4,"[1,0,4,0,0]"
1907,11,104,0.93958,"[35,22,22,3,22]"
1908,12,14,0.816326,"[3,7,3,0,1]"
1909,13,5,0.4,"[0,4,1,0,0]"
1910,13,9,0.895062,"[3,3,2,0,1]"
1911,12,90,0.932099,"[32,15,19,3,21]"
1912,13,32,0.944824,"[6,10,8,1,7]"
1913,14,8,0.820312,"[4,2,1,1,0]"
1914,14,24,0.889757,"[2,8,7,0,7]"
1915,15,2,0,"[0,0,0,0,2]"
1916,15,22,0.883264,"[2,8,7,0,5]"
1917,16,19,0.872576,"[2,8,4,0,5]"
1918,17,13,0.902367,"[2,3,3,0,5]"
1919,18,10,0.925,"[2,3,3,0,2]"
1920,18,3,0,"[0,0,0,0,3]"
1921,17,6,0.347222,"[0,5,1,0,0]"
1922,16,3,0,"[0,0,3,0,0]"
1923,13,58,0.870244,"[26,5,11,2,14]"
1924,14,55,0.88843,"[23,5,11,2,14]"
1925,15,53,0.867746,"[23,3,11,2,14]"
1926,16,25,0.888,"[7,1,7,1,9]"
1927,17,21,0.85034,"[3,1,7,1,9]"
1928,18,16,0.78125,"[3,1,2,1,9]"
1929,19,9,0.95679,"[2,1,2,1,3]"
1930,19,7,0.306122,"[1,0,0,0,6]"
1931,18,5,0,"[0,0,5,0,0]"
1932,17,4,0,"[4,0,0,0,0]"
1933,16,28,0.768495,"[16,2,4,1,5]"
1934,17,10,0.725,"[5,1,0,0,4]"
1935,17,18,0.709877,"[11,1,4,1,1]"
1936,18,4,0.78125,"[0,0,2,1,1]"
1937,18,14,0.446429,"[11,1,2,0,0]"
1938,19,13,0.325444,"[11,0,2,0,0]"
1939,20,8,0,"[8,0,0,0,0]"
1940,20,5,0.6,"[3,0,2,0,0]"
1941,19,1,0,"[0,1,0,0,0]"
1942,15,2,0,"[0,2,0,0,0]"
1943,14,3,0,"[3,0,0,0,0]"
1944,10,69,0.818631,"[27,3,28,0,11]"
1945,11,44,0.690857,"[15,0,25,0,4]"
1946,12,27,0.459534,"[4,0,21,0,2]"
1947,13,1,0,"[1,0,0,0,0]"
1948,13,26,0.410503,"[3,0,21,0,2]"
1949,14,4,0.78125,"[2,0,1,0,1]"
1950,14,22,0.211777,"[1,0,20,0,1]"
1951,15,3,0.555556,"[1,0,2,0,0]"
1952,15,19,0.124654,"[0,0,18,0,1]"
1953,16,10,0,"[0,0,10,0,0]"
1954,16,9,0.246914,"[0,0,8,0,1]"
1955,12,17,0.640138,"[11,0,4,0,2]"
1956,13,6,0.555556,"[2,0,4,0,0]"
1957,13,11,0.371901,"[9,0,0,0,2]"
1958,14,3,0.555556,"[1,0,0,0,2]"
1959,14,8,0,"[8,0,0,0,0]"
1960,11,25,0.828,"[12,3,3,0,7]"
1961,12,3,0,"[3,0,0,0,0]"
1962,12,22,0.867769,"[9,3,3,0,7]"
1963,13,4,0.46875,"[3,0,1,0,0]"
1964,13,18,0.871914,"[6,3,2,0,7]"
1965,14,9,0.864198,"[4,2,2,0,1]"
1966,14,9,0.617284,"[2,1,0,0,6]"
1967,9,21,0.555556,"[15,0,4,0,2]"
1968,10,7,0.510204,"[5,0,0,0,2]"
1969,10,14,0.510204,"[10,0,4,0,0]"
1970,11,6,0,"[6,0,0,0,0]"
1971,11,8,0.625,"[4,0,4,0,0]"
1972,7,174,0.946707,"[56,46,10,25,37]"
1973,8,127,0.875442,"[50,43,4,18,12]"
1974,9,116,0.891981,"[39,43,4,18,12]"
1975,10,77,0.912042,"[31,19,4,11,12]"
1976,11,9,0.617284,"[4,0,0,5,0]"
1977,11,68,0.902357,"[27,19,4,6,12]"
1978,12,25,0.772,"[5,14,1,4,1]"
1979,13,19,0.512465,"[0,14,1,4,0]"
1980,14,15,0.288889,"[0,13,0,2,0]"
1981,15,7,0.510204,"[0,5,0,2,0]"
1982,15,8,0,"[0,8,0,0,0]"
1983,14,4,0.78125,"[0,1,1,2,0]"
1984,13,6,0.347222,"[5,0,0,0,1]"
1985,12,43,0.815306,"[22,5,3,2,11]"
1986,13,29,0.734245,"[17,1,2,2,7]"
1987,14,4,0,"[4,0,0,0,0]"
1988,14,25,0.796,"[13,1,2,2,7]"
1989,15,24,0.763889,"[13,1,2,1,7]"
1990,16,3,0,"[3,0,0,0,0]"
1991,16,21,0.810658,"[10,1,2,1,7]"
1992,17,2,0,"[2,0,0,0,0]"
1993,17,19,0.83795,"[8,1,2,1,7]"
1994,18,14,0.816327,"[4,1,1,1,7]"
1995,19,9,0.432099,"[2,0,0,0,7]"
1996,19,5,0.9,"[2,1,1,1,0]"
1997,18,5,0.4,"[4,0,1,0,0]"
1998,15,1,0,"[0,0,0,1,0]"
1999,13,14,0.880102,"[5,4,1,0,4]"
2000,14,11,0.826446,"[3,4,0,0,4]"
2001,15,5,0.6,"[2,0,0,0,3]"
2002,15,6,0.625,"[1,4,0,0,1]"
2003,14,3,0.555556,"[2,0,1,0,0]"
2004,10,39,0.683761,"[8,24,0,7,0]"
2005,11,7,0.306122,"[0,6,0,1,0]"
2006,11,32,0.732422,"[8,18,0,6,0]"
2007,12,3,0,"[0,3,0,0,0]"
2008,12,29,0.766944,"[8,15,0,6,0]"
2009,13,26,0.798817,"[8,12,0,6,0]"
2010,14,3,0,"[3,0,0,0,0]"
2011,14,23,0.765595,"[5,12,0,6,0]"
2012,15,18,0.640432,"[1,11,0,6,0]"
2013,16,13,0.710059,"[1,6,0,6,0]"
2014,17,3,0,"[0,0,0,3,0]"
2015,17,10,0.675,"[1,6,0,3,0]"
2016,16,5,0,"[0,5,0,0,0]"
2017,15,5,0.4,"[4,1,0,0,0]"
2018,13,3,0,"[0,3,0,0,0]"
2019,9,11,0,"[11,0,0,0,0]"
2020,8,47,0.82277,"[6,3,6,7,25]"
2021,9,42,0.749717,"[4,2,6,5,25]"
2022,10,39,0.726496,"[4,2,4,5,24]"
2023,11,9,0.802469,"[0,2,0,3,4]"
2024,11,30,0.644444,"[4,0,4,2,20]"
2025,12,26,0.477071,"[1,0,4,1,20]"
2026,13,24,0.360243,"[1,0,3,0,20]"
2027,14,13,0.443787,"[0,0,3,0,10]"
2028,15,8,0.585938,"[0,0,3,0,5]"
2029,15,5,0,"[0,0,0,0,5]"
2030,14,11,0.206611,"[1,0,0,0,10]"
2031,15,8,0,"[0,0,0,0,8]"
2032,15,3,0.555556,"[1,0,0,0,2]"
2033,13,2,0.625,"[0,0,1,1,0]"
2034,12,4,0.46875,"[3,0,0,1,0]"
2035,10,3,0.555556,"[0,0,2,0,1]"
2036,9,5,0.8,"[2,1,0,2,0]"
2037,6,1243,0.775021,"[321,62,672,20,168]"
2038,7,1201,0.761777,"[291,57,669,18,166]"
2039,8,646,0.889284,"[208,44,231,16,147]"
2040,9,25,0.744,"[15,4,2,2,2]"
2041,10,23,0.666352,"[15,4,1,1,2]"
2042,11,3,0,"[0,3,0,0,0]"
2043,11,20,0.525,"[15,1,1,1,2]"
2044,12,10,0.725,"[6,1,1,0,2]"
2045,12,10,0.225,"[9,0,0,1,0]"
2046,10,2,0.625,"[0,0,1,1,0]"
2047,9,621,0.885312,"[193,40,229,14,145]"
2048,10,152,0.904172,"[31,13,58,7,43]"
2049,11,93,0.886519,"[14,7,33,5,34]"
2050,12,34,0.821799,"[4,3,9,1,17]"
2051,13,27,0.792181,"[4,3,4,1,15]"
2052,14,4,0.9375,"[1,1,1,1,0]"
2053,14,23,0.666352,"[3,2,3,0,15]"
2054,15,2,0,"[0,0,2,0,0]"
2055,15,21,0.572562,"[3,2,1,0,15]"
2056,16,17,0.259516,"[0,2,0,0,15]"
2057,17,14,0,"[0,0,0,0,14]"
2058,17,3,0.555556,"[0,2,0,0,1]"
2059,16,4,0.46875,"[3,0,1,0,0]"
2060,13,7,0.510204,"[0,0,5,0,2]"
2061,12,59,0.891985,"[10,4,24,4,17]"
2062,13,33,0.867769,"[4,4,6,3,16]"
2063,14,18,0.570988,"[1,1,2,1,13]"
2064,15,17,0.49308,"[0,1,2,1,13]"
2065,16,16,0.400391,"[0,0,2,1,13]"
2066,17,14,0.165816,"[0,0,0,1,13]"
2067,18,1,0,"[0,0,0,1,0]"
2068,18,13,0,"[0,0,0,0,13]"
2069,17,2,0,"[0,0,2,0,0]"
2070,16,1,0,"[0,1,0,0,0]"
2071,15,1,0,"[1,0,0,0,0]"
2072,14,15,0.988889,"[3,3,4,2,3]"
2073,15,7,0.765306,"[0,3,1,0,3]"
2074,15,8,0.820312,"[3,0,3,2,0]"
2075,13,26,0.580621,"[6,0,18,1,1]"
2076,14,16,0.283203,"[1,0,14,0,1]"
2077,15,7,0.561225,"[1,0,5,0,1]"
2078,15,9,0,"[0,0,9,0,0]"
2079,14,10,0.725,"[5,0,4,1,0]"
2080,11,59,0.87834,"[17,6,25,2,9]"
2081,12,7,0.714286,"[4,0,2,1,0]"
2082,12,52,0.872781,"[13,6,23,1,9]"
2083,13,37,0.770635,"[7,5,21,1,3]"
2084,14,35,0.738775,"[5,5,21,1,3]"
2085,15,30,0.594444,"[5,1,21,1,2]"
2086,16,26,0.410503,"[3,0,21,0,2]"
2087,17,13,0.177515,"[1,0,12,0,0]"
2088,18,4,0.46875,"[1,0,3,0,0]"
2089,18,9,0,"[0,0,9,0,0]"
2090,17,13,0.591716,"[2,0,9,0,2]"
2091,18,5,0.6,"[2,0,3,0,0]"
2092,18,8,0.46875,"[0,0,6,0,2]"
2093,16,4,0.78125,"[2,1,0,1,0]"
2094,15,5,0.4,"[0,4,0,0,1]"
2095,14,2,0,"[2,0,0,0,0]"
2096,13,15,0.822222,"[6,1,2,0,6]"
2097,14,10,0.7,"[2,0,2,0,6]"
2098,14,5,0.4,"[4,1,0,0,0]"
2099,10,469,0.871143,"[162,27,171,7,102]"
2100,11,428,0.872661,"[148,21,150,7,102]"
2101,12,223,0.840103,"[77,7,92,4,43]"
2102,13,119,0.825683,"[58,5,28,3,25]"
2103,14,69,0.889519,"[27,5,13,3,21]"
2104,15,45,0.823457,"[16,5,1,3,20]"
2105,16,21,0.878685,"[9,4,0,3,5]"
2106,17,13,0.695266,"[7,1,0,0,5]"
2107,18,8,0.742188,"[3,1,0,0,4]"
2108,18,5,0.4,"[4,0,0,0,1]"
2109,17,8,0.820312,"[2,3,0,3,0]"
2110,16,24,0.651042,"[7,1,1,0,15]"
2111,17,12,0.364583,"[1,1,0,0,10]"
2112,18,2,0.625,"[1,0,0,0,1]"
2113,18,10,0.225,"[0,1,0,0,9]"
2114,17,12,0.711806,"[6,0,1,0,5]"
2115,18,5,0.4,"[1,0,0,0,4]"
2116,18,7,0.561225,"[5,0,1,0,1]"
2117,15,24,0.672743,"[11,0,12,0,1]"
2118,16,19,0.657895,"[7,0,11,0,1]"
2119,17,15,0.7,"[7,0,7,0,1]"
2120,18,13,0.695266,"[5,0,7,0,1]"
2121,19,8,0.507812,"[1,0,6,0,1]"
2122,19,5,0.4,"[4,0,1,0,0]"
2123,18,2,0,"[2,0,0,0,0]"
2124,17,4,0,"[0,0,4,0,0]"
2125,16,5,0.4,"[4,0,1,0,0]"
2126,14,50,0.649,"[31,0,15,0,4]"
2127,15,46,0.676985,"[27,0,15,0,4]"
2128,16,21,0.680272,"[13,0,4,0,4]"
2129,17,16,0.498047,"[12,0,3,0,1]"
2130,18,4,0.625,"[2,0,2,0,0]"
2131,18,12,0.364583,"[10,0,1,0,1]"
2132,19,5,0.7,"[3,0,1,0,1]"
2133,19,7,0,"[7,0,0,0,0]"
2134,17,5,0.7,"[1,0,1,0,3]"
2135,16,25,0.616,"[14,0,11,0,0]"
2136,17,19,0.609418,"[8,0,11,0,0]"
2137,18,12,0.555556,"[8,0,4,0,0]"
2138,19,9,0.246914,"[8,0,1,0,0]"
2139,19,3,0,"[0,0,3,0,0]"
2140,18,7,0,"[0,0,7,0,0]"
2141,17,6,0,"[6,0,0,0,0]"
2142,15,4,0,"[4,0,0,0,0]"
2143,13,104,0.696884,"[19,2,64,1,18]"
2144,14,90,0.74784,"[18,2,51,1,18]"
2145,15,1,0,"[0,0,0,1,0]"
2146,15,89,0.736649,"[18,2,51,0,18]"
2147,16,29,0.826397,"[4,2,11,0,12]"
2148,17,25,0.748,"[3,0,11,0,11]"
2149,18,3,0,"[0,0,3,0,0]"
2150,18,22,0.748967,"[3,0,8,0,11]"
2151,19,13,0.680473,"[3,0,2,0,8]"
2152,20,12,0.607639,"[3,0,1,0,8]"
2153,21,10,0.4,"[2,0,0,0,8]"
2154,21,2,0.625,"[1,0,1,0,0]"
2155,20,1,0,"[0,0,1,0,0]"
2156,19,9,0.555556,"[0,0,6,0,3]"
2157,17,4,0.78125,"[1,2,0,0,1]"
2158,16,60,0.613889,"[14,0,40,0,6]"
2159,17,17,0.813149,"[7,0,4,0,6]"
2160,18,8,0.664062,"[1,0,2,0,5]"
2161,18,9,0.617284,"[6,0,2,0,1]"
2162,17,43,0.340725,"[7,0,36,0,0]"
2163,18,13,0.591716,"[5,0,8,0,0]"
2164,19,9,0.246914,"[1,0,8,0,0]"
2165,19,4,0,"[4,0,0,0,0]"
2166,18,30,0.155555,"[2,0,28,0,0]"
2167,19,7,0.510204,"[2,0,5,0,0]"
2168,19,23,0,"[0,0,23,0,0]"
2169,14,14,0.165816,"[1,0,13,0,0]"
2170,15,12,0,"[0,0,12,0,0]"
2171,15,2,0.625,"[1,0,1,0,0]"
2172,12,205,0.890363,"[71,14,58,3,59]"
2173,13,93,0.809631,"[41,11,4,2,35]"
2174,14,87,0.822103,"[35,11,4,2,35]"
2175,15,79,0.765903,"[34,4,4,2,35]"
2176,16,57,0.698677,"[18,4,0,2,33]"
2177,17,48,0.672743,"[12,4,0,2,30]"
2178,18,1,0,"[0,1,0,0,0]"
2179,18,47,0.651879,"[12,3,0,2,30]"
2180,19,45,0.624691,"[10,3,0,2,30]"
2181,20,42,0.590986,"[9,2,0,2,29]"
2182,21,41,0.571089,"[8,2,0,2,29]"
2183,22,39,0.522682,"[6,2,0,2,29]"
2184,23,2,0,"[2,0,0,0,0]"
2185,23,37,0.46019,"[4,2,0,2,29]"
2186,24,35,0.377551,"[3,1,0,2,29]"
2187,25,2,0.625,"[1,0,0,0,1]"
2188,25,33,0.339761,"[2,1,0,2,28]"
2189,26,11,0,"[0,0,0,0,11]"
2190,26,22,0.480372,"[2,1,0,2,17]"
2191,27,18,0.37037,"[1,1,0,1,15]"
2192,28,17,0.389273,"[1,1,0,1,14]"
2193,29,2,0.625,"[1,1,0,0,0]"
2194,29,15,0.155555,"[0,0,0,1,14]"
2195,30,14,0,"[0,0,0,0,14]"
2196,30,1,0,"[0,0,0,1,0]"
2197,28,1,0,"[0,0,0,0,1]"
2198,27,4,0.78125,"[1,0,0,1,2]"
2199,24,2,0.625,"[1,1,0,0,0]"
2200,22,2,0,"[2,0,0,0,0]"
2201,21,1,0,"[1,0,0,0,0]"
2202,20,3,0.833333,"[1,1,0,0,1]"
2203,19,2,0,"[2,0,0,0,0]"
2204,17,9,0.555556,"[6,0,0,0,3]"
2205,16,22,0.53719,"[16,0,4,0,2]"
2206,17,1,0,"[0,0,1,0,0]"
2207,17,21,0.487528,"[16,0,3,0,2]"
2208,18,13,0.325444,"[11,0,0,0,2]"
2209,19,4,0.625,"[2,0,0,0,2]"
2210,19,9,0,"[9,0,0,0,0]"
2211,18,8,0.585938,"[5,0,3,0,0]"
2212,15,8,0.273438,"[1,7,0,0,0]"
2213,14,6,0,"[6,0,0,0,0]"
2214,13,112,0.811344,"[30,3,54,1,24]"
2215,14,98,0.837151,"[28,3,43,1,23]"
2216,15,91,0.803345,"[25,0,43,1,22]"
2217,16,42,0.795068,"[8,0,17,0,17]"
2218,17,18,0.455247,"[3,0,1,0,14]"
2219,18,1,0,"[1,0,0,0,0]"
2220,18,17,0.380623,"[2,0,1,0,14]"
2221,19,1,0,"[1,0,0,0,0]"
2222,19,16,0.283203,"[1,0,1,0,14]"
2223,20,15,0.155555,"[1,0,0,0,14]"
2224,21,7,0,"[0,0,0,0,7]"
2225,21,8,0.273438,"[1,0,0,0,7]"
2226,20,1,0,"[0,0,1,0,0]"
2227,17,24,0.62066,"[5,0,16,0,3]"
2228,18,16,0.771484,"[5,0,8,0,3]"
2229,19,1,0,"[0,0,0,0,1]"
2230,19,15,0.733333,"[5,0,8,0,2]"
2231,20,1,0,"[1,0,0,0,0]"
2232,20,14,0.714286,"[4,0,8,0,2]"
2233,21,12,0.625,"[2,0,8,0,2]"
2234,22,1,0,"[0,0,0,0,1]"
2235,22,11,0.53719,"[2,0,8,0,1]"
2236,23,9,0.246914,"[1,0,8,0,0]"
2237,23,2,0.625,"[1,0,0,0,1]"
2238,21,2,0,"[2,0,0,0,0]"
2239,18,8,0,"[0,0,8,0,0]"
2240,16,49,0.734069,"[17,0,26,1,5]"
2241,17,45,0.712346,"[13,0,26,1,5]"
2242,18,11,0.785124,"[5,0,2,0,4]"
2243,19,2,0,"[2,0,0,0,0]"
2244,19,9,0.802469,"[3,0,2,0,4]"
2245,18,34,0.555796,"[8,0,24,1,1]"
2246,19,32,0.48584,"[7,0,24,1,0]"
2247,20,29,0.425089,"[5,0,23,1,0]"
2248,21,22,0.521694,"[5,0,16,1,0]"
2249,22,11,0,"[0,0,11,0,0]"
2250,22,11,0.72314,"[5,0,5,1,0]"
2251,23,3,0,"[3,0,0,0,0]"
2252,23,8,0.664062,"[2,0,5,1,0]"
2253,21,7,0,"[0,0,7,0,0]"
2254,20,3,0.555556,"[2,0,1,0,0]"
2255,19,2,0.625,"[1,0,0,0,1]"
2256,17,4,0,"[4,0,0,0,0]"
2257,15,7,0.765306,"[3,3,0,0,1]"
2258,14,14,0.446429,"[2,0,11,0,1]"
2259,15,2,0,"[2,0,0,0,0]"
2260,15,12,0.190972,"[0,0,11,0,1]"
2261,16,6,0.347222,"[0,0,5,0,1]"
2262,16,6,0,"[0,0,6,0,0]"
2263,11,41,0.749554,"[14,6,21,0,0]"
2264,12,17,0.778547,"[8,3,6,0,0]"
2265,13,8,0.585938,"[3,0,5,0,0]"
2266,13,9,0.709876,"[5,3,1,0,0]"
2267,12,24,0.664062,"[6,3,15,0,0]"
2268,13,18,0.462963,"[2,2,14,0,0]"
2269,14,15,0.3,"[1,1,13,0,0]"
2270,15,5,0.7,"[1,1,3,0,0]"
2271,15,10,0,"[0,0,10,0,0]"
2272,14,3,0.833333,"[1,1,1,0,0]"
2273,13,6,0.625,"[4,1,1,0,0]"
2274,8,555,0.441352,"[83,13,438,2,19]"
2275,9,546,0.428935,"[78,12,435,2,19]"
2276,10,89,0.884674,"[37,11,25,2,14]"
2277,11,65,0.869231,"[23,3,24,2,13]"
2278,12,63,0.845931,"[23,3,24,0,13]"
2279,13,52,0.845044,"[13,3,23,0,13]"
2280,14,48,0.865885,"[13,3,19,0,13]"
2281,15,6,0.347222,"[0,1,0,0,5]"
2282,15,42,0.826247,"[13,2,19,0,8]"
2283,16,37,0.765157,"[12,1,19,0,5]"
2284,17,11,0.371901,"[2,0,9,0,0]"
2285,18,2,0,"[2,0,0,0,0]"
2286,18,9,0,"[0,0,9,0,0]"
2287,17,26,0.832101,"[10,1,10,0,5]"
2288,18,21,0.816326,"[6,1,10,0,4]"
2289,19,12,0.850694,"[5,1,4,0,2]"
2290,20,9,0.740741,"[4,1,4,0,0]"
2291,20,3,0.555556,"[1,0,0,0,2]"
2292,19,9,0.617284,"[1,0,6,0,2]"
2293,18,5,0.4,"[4,0,0,0,1]"
2294,16,5,0.7,"[1,1,0,0,3]"
2295,14,4,0,"[0,0,4,0,0]"
2296,13,11,0.206611,"[10,0,1,0,0]"
2297,14,1,0,"[0,0,1,0,0]"
2298,14,10,0,"[10,0,0,0,0]"
2299,12,2,0,"[0,0,0,2,0]"
2300,11,24,0.681424,"[14,8,1,0,1]"
2301,12,18,0.432099,"[14,4,0,0,0]"
2302,13,17,0.363322,"[14,3,0,0,0]"
2303,14,10,0.525,"[7,3,0,0,0]"
2304,14,7,0,"[7,0,0,0,0]"
2305,13,1,0,"[0,1,0,0,0]"
2306,12,6,0.625,"[0,4,1,0,1]"
2307,10,457,0.233674,"[41,1,410,0,5]"
2308,11,453,0.217096,"[38,0,410,0,5]"
2309,12,389,0.10448,"[17,0,372,0,0]"
2310,13,388,0.0988415,"[16,0,372,0,0]"
2311,14,220,0.0336261,"[3,0,217,0,0]"
2312,15,1,0,"[1,0,0,0,0]"
2313,15,219,0.0226226,"[2,0,217,0,0]"
2314,16,105,0.0467119,"[2,0,103,0,0]"
2315,17,95,0.0260387,"[1,0,94,0,0]"
2316,18,5,0.4,"[1,0,4,0,0]"
2317,18,90,0,"[0,0,90,0,0]"
2318,17,10,0.225,"[1,0,9,0,0]"
2319,16,114,0,"[0,0,114,0,0]"
2320,14,168,0.178483,"[13,0,155,0,0]"
2321,15,159,0.147344,"[10,0,149,0,0]"
2322,16,2,0,"[2,0,0,0,0]"
2323,16,157,0.120897,"[8,0,149,0,0]"
2324,17,156,0.107146,"[7,0,149,0,0]"
2325,18,3,0.555556,"[2,0,1,0,0]"
2326,18,153,0.0790295,"[5,0,148,0,0]"
2327,19,91,0,"[0,0,91,0,0]"
2328,19,62,0.185354,"[5,0,57,0,0]"
2329,20,52,0.13591,"[3,0,49,0,0]"
2330,21,32,0.212402,"[3,0,29,0,0]"
2331,22,18,0.347222,"[3,0,15,0,0]"
2332,23,1,0,"[1,0,0,0,0]"
2333,23,17,0.259515,"[2,0,15,0,0]"
2334,24,2,0.625,"[1,0,1,0,0]"
2335,24,15,0.155555,"[1,0,14,0,0]"
2336,25,12,0,"[0,0,12,0,0]"
2337,25,3,0.555556,"[1,0,2,0,0]"
2338,22,14,0,"[0,0,14,0,0]"
2339,21,20,0,"[0,0,20,0,0]"
2340,20,10,0.4,"[2,0,8,0,0]"
2341,17,1,0,"[1,0,0,0,0]"
2342,15,9,0.555556,"[3,0,6,0,0]"
2343,13,1,0,"[1,0,0,0,0]"
2344,12,64,0.667114,"[21,0,38,0,5]"
2345,13,5,0,"[5,0,0,0,0]"
2346,13,59,0.630566,"[16,0,38,0,5]"
2347,14,44,0.716684,"[15,0,24,0,5]"
2348,15,5,0,"[0,0,5,0,0]"
2349,15,39,0.747863,"[15,0,19,0,5]"
2350,16,8,0,"[0,0,8,0,0]"
2351,16,31,0.76743,"[15,0,11,0,5]"
2352,17,28,0.787628,"[12,0,11,0,5]"
2353,18,26,0.787722,"[12,0,9,0,5]"
2354,19,22,0.81095,"[8,0,9,0,5]"
2355,20,8,0.664062,"[1,0,5,0,2]"
2356,20,14,0.778061,"[7,0,4,0,3]"
2357,21,3,0,"[3,0,0,0,0]"
2358,21,11,0.826446,"[4,0,4,0,3]"
2359,22,4,0.46875,"[3,0,1,0,0]"
2360,22,7,0.765306,"[1,0,3,0,3]"
2361,19,4,0,"[4,0,0,0,0]"
2362,18,2,0,"[0,0,2,0,0]"
2363,17,3,0,"[3,0,0,0,0]"
2364,14,15,0.155555,"[1,0,14,0,0]"
2365,15,14,0,"[0,0,14,0,0]"
2366,15,1,0,"[1,0,0,0,0]"
2367,11,4,0.46875,"[3,1,0,0,0]"
2368,9,9,0.709876,"[5,1,3,0,0]"
2369,7,42,0.582483,"[30,5,3,2,2]"
2370,8,11,0.867769,"[4,4,0,1,2]"
2371,9,7,0.867347,"[1,3,0,1,2]"
2372,9,4,0.46875,"[3,1,0,0,0]"
2373,8,31,0.3564,"[26,1,3,1,0]"
2374,9,2,0.625,"[0,1,0,1,0]"
2375,9,29,0.231867,"[26,0,3,0,0]"
2376,10,4,0.46875,"[1,0,3,0,0]"
2377,10,25,0,"[25,0,0,0,0]"
2378,4,1216,0.665385,"[603,15,572,3,23]"
2379,5,830,0.649198,"[471,12,330,2,15]"
2380,6,181,0.336299,"[153,2,23,1,2]"
2381,7,97,0.44399,"[75,1,21,0,0]"
2382,8,60,0.29375,"[52,1,7,0,0]"
2383,9,11,0.619835,"[6,0,5,0,0]"
2384,10,9,0.555556,"[6,0,3,0,0]"
2385,10,2,0,"[0,0,2,0,0]"
2386,9,49,0.145773,"[46,1,2,0,0]"
2387,10,1,0,"[0,0,1,0,0]"
2388,10,48,0.100911,"[46,1,1,0,0]"
2389,11,2,0.625,"[1,1,0,0,0]"
2390,11,46,0.0531663,"[45,0,1,0,0]"
2391,12,2,0.625,"[1,0,1,0,0]"
2392,12,44,0,"[44,0,0,0,0]"
2393,8,37,0.58802,"[23,0,14,0,0]"
2394,9,26,0.532544,"[18,0,8,0,0]"
2395,10,16,0,"[16,0,0,0,0]"
2396,10,10,0.4,"[2,0,8,0,0]"
2397,9,11,0.619835,"[5,0,6,0,0]"
2398,10,5,0.4,"[1,0,4,0,0]"
2399,10,6,0.555556,"[4,0,2,0,0]"
2400,7,84,0.170422,"[78,1,2,1,2]"
2401,8,80,0.15,"[75,1,1,1,2]"
2402,9,2,0.625,"[1,0,0,1,0]"
2403,9,78,0.123685,"[74,1,1,0,2]"
2404,10,74,0.0981555,"[71,1,0,0,2]"
2405,11,38,0.185249,"[35,1,0,0,2]"
2406,12,4,0.625,"[2,0,0,0,2]"
2407,12,34,0.0713667,"[33,1,0,0,0]"
2408,13,20,0,"[20,0,0,0,0]"
2409,13,14,0.165816,"[13,1,0,0,0]"
2410,14,5,0.4,"[4,1,0,0,0]"
2411,14,9,0,"[9,0,0,0,0]"
2412,11,36,0,"[36,0,0,0,0]"
2413,10,4,0.46875,"[3,0,1,0,0]"
2414,8,4,0.46875,"[3,0,1,0,0]"
2415,6,649,0.669389,"[318,10,307,1,13]"
2416,7,389,0.513627,"[288,10,77,1,13]"
2417,8,163,0.174922,"[151,5,4,0,3]"
2418,9,128,0.113068,"[122,3,3,0,0]"
2419,10,92,0.0534617,"[90,1,1,0,0]"
2420,11,91,0.0271706,"[90,0,1,0,0]"
2421,12,50,0,"[50,0,0,0,0]"
2422,12,41,0.0594885,"[40,0,1,0,0]"
2423,13,14,0.165816,"[13,0,1,0,0]"
2424,14,2,0.625,"[1,0,1,0,0]"
2425,14,12,0,"[12,0,0,0,0]"
2426,13,27,0,"[27,0,0,0,0]"
2427,11,1,0,"[0,1,0,0,0]"
2428,10,36,0.25463,"[32,2,2,0,0]"
2429,11,33,0.142332,"[31,0,2,0,0]"
2430,12,2,0.625,"[1,0,1,0,0]"
2431,12,31,0.0780438,"[30,0,1,0,0]"
2432,13,16,0.146484,"[15,0,1,0,0]"
2433,14,3,0.555556,"[2,0,1,0,0]"
2434,14,13,0,"[13,0,0,0,0]"
2435,13,15,0,"[15,0,0,0,0]"
2436,11,3,0.555556,"[1,2,0,0,0]"
2437,9,35,0.377551,"[29,2,1,0,3]"
2438,10,28,0.455995,"[22,2,1,0,3]"
2439,11,24,0.282118,"[21,0,1,0,2]"
2440,12,14,0,"[14,0,0,0,0]"
2441,12,10,0.575,"[7,0,1,0,2]"
2442,11,4,0.78125,"[1,2,0,0,1]"
2443,10,7,0,"[7,0,0,0,0]"
2444,8,226,0.657158,"[137,5,73,1,10]"
2445,9,108,0.522977,"[79,2,23,1,3]"
2446,10,33,0.75528,"[15,0,14,1,3]"
2447,11,6,0.763889,"[2,0,1,0,3]"
2448,11,27,0.668724,"[13,0,13,1,0]"
2449,12,14,0.548469,"[10,0,3,1,0]"
2450,13,9,0.709876,"[5,0,3,1,0]"
2451,13,5,0,"[5,0,0,0,0]"
2452,12,13,0.443787,"[3,0,10,0,0]"
2453,13,9,0,"[0,0,9,0,0]"
2454,13,4,0.46875,"[3,0,1,0,0]"
2455,10,75,0.320889,"[64,2,9,0,0]"
2456,11,22,0.614669,"[14,1,7,0,0]"
2457,12,3,0.555556,"[0,1,2,0,0]"
2458,12,19,0.484765,"[14,0,5,0,0]"
2459,13,7,0,"[7,0,0,0,0]"
2460,13,12,0.607639,"[7,0,5,0,0]"
2461,14,4,0,"[4,0,0,0,0]"
2462,14,8,0.585938,"[3,0,5,0,0]"
2463,11,53,0.135279,"[50,1,2,0,0]"
2464,12,51,0.0941944,"[49,0,2,0,0]"
2465,13,22,0.206611,"[20,0,2,0,0]"
2466,14,11,0.371901,"[9,0,2,0,0]"
2467,15,1,0,"[0,0,1,0,0]"
2468,15,10,0.225,"[9,0,1,0,0]"
2469,14,11,0,"[11,0,0,0,0]"
2470,13,29,0,"[29,0,0,0,0]"
2471,12,2,0.625,"[1,1,0,0,0]"
2472,9,118,0.718364,"[58,3,50,0,7]"
2473,10,101,0.714636,"[45,2,48,0,6]"
2474,11,95,0.705263,"[40,2,48,0,5]"
2475,12,37,0.737765,"[21,2,10,0,4]"
2476,13,1,0,"[0,0,0,0,1]"
2477,13,36,0.715664,"[21,2,10,0,3]"
2478,14,30,0.633333,"[20,2,6,0,2]"
2479,15,20,0.425,"[16,2,0,0,2]"
2480,16,5,0.7,"[3,1,0,0,1]"
2481,16,15,0.3,"[13,1,0,0,1]"
2482,17,11,0,"[11,0,0,0,0]"
2483,17,4,0.78125,"[2,1,0,0,1]"
2484,15,10,0.6,"[4,0,6,0,0]"
2485,14,6,0.625,"[1,0,4,0,1]"
2486,12,58,0.578924,"[19,0,38,0,1]"
2487,13,43,0.458356,"[9,0,33,0,1]"
2488,14,35,0.365306,"[5,0,29,0,1]"
2489,15,10,0.725,"[4,0,5,0,1]"
2490,15,25,0.096,"[1,0,24,0,0]"
2491,16,23,0,"[0,0,23,0,0]"
2492,16,2,0.625,"[1,0,1,0,0]"
2493,14,8,0.625,"[4,0,4,0,0]"
2494,13,15,0.555556,"[10,0,5,0,0]"
2495,14,10,0.625,"[5,0,5,0,0]"
2496,14,5,0,"[5,0,0,0,0]"
2497,11,6,0.347222,"[5,0,0,0,1]"
2498,10,17,0.49308,"[13,1,2,0,1]"
2499,11,1,0,"[0,0,1,0,0]"
2500,11,16,0.410156,"[13,1,1,0,1]"
2501,12,2,0.625,"[1,1,0,0,0]"
2502,12,14,0.318877,"[12,0,1,0,1]"
2503,13,4,0.78125,"[2,0,1,0,1]"
2504,13,10,0,"[10,0,0,0,0]"
2505,7,260,0.255178,"[30,0,230,0,0]"
2506,8,202,0.223017,"[20,0,182,0,0]"
2507,9,160,0.186621,"[13,0,147,0,0]"
2508,10,155,0.150885,"[10,0,145,0,0]"
2509,11,2,0,"[2,0,0,0,0]"
2510,11,153,0.123884,"[8,0,145,0,0]"
2511,12,126,0.148652,"[8,0,118,0,0]"
2512,13,61,0.0403118,"[1,0,60,0,0]"
2513,14,60,0,"[0,0,60,0,0]"
2514,14,1,0,"[1,0,0,0,0]"
2515,13,65,0.240237,"[7,0,58,0,0]"
2516,14,57,0.124654,"[3,0,54,0,0]"
2517,15,3,0.555556,"[1,0,2,0,0]"
2518,15,54,0.0891632,"[2,0,52,0,0]"
2519,16,3,0.555556,"[1,0,2,0,0]"
2520,16,51,0.0480583,"[1,0,50,0,0]"
2521,17,8,0.273438,"[1,0,7,0,0]"
2522,17,43,0,"[0,0,43,0,0]"
2523,14,8,0.625,"[4,0,4,0,0]"
2524,12,27,0,"[0,0,27,0,0]"
2525,10,5,0.6,"[3,0,2,0,0]"
2526,9,42,0.347222,"[7,0,35,0,0]"
2527,10,6,0.555556,"[4,0,2,0,0]"
2528,10,36,0.190972,"[3,0,33,0,0]"
2529,11,20,0.31875,"[3,0,17,0,0]"
2530,12,15,0,"[0,0,15,0,0]"
2531,12,5,0.6,"[3,0,2,0,0]"
2532,11,16,0,"[0,0,16,0,0]"
2533,8,58,0.356718,"[10,0,48,0,0]"
2534,9,52,0.217271,"[5,0,47,0,0]"
2535,10,49,0.14369,"[3,0,46,0,0]"
2536,11,19,0,"[0,0,19,0,0]"
2537,11,30,0.225,"[3,0,27,0,0]"
2538,12,4,0.625,"[2,0,2,0,0]"
2539,12,26,0.0924556,"[1,0,25,0,0]"
2540,13,19,0,"[0,0,19,0,0]"
2541,13,7,0.306122,"[1,0,6,0,0]"
2542,10,3,0.555556,"[2,0,1,0,0]"
2543,9,6,0.347222,"[5,0,1,0,0]"
2544,5,386,0.611879,"[132,3,242,1,8]"
2545,6,272,0.458917,"[63,0,207,0,2]"
2546,7,239,0.40528,"[46,0,191,0,2]"
2547,8,18,0.617284,"[10,0,8,0,0]"
2548,9,1,0,"[1,0,0,0,0]"
2549,9,17,0.622837,"[9,0,8,0,0]"
2550,10,4,0,"[4,0,0,0,0]"
2551,10,13,0.591716,"[5,0,8,0,0]"
2552,11,6,0.347222,"[1,0,5,0,0]"
2553,11,7,0.612245,"[4,0,3,0,0]"
2554,8,221,0.359636,"[36,0,183,0,2]"
2555,9,11,0.702479,"[6,0,4,0,1]"
2556,10,5,0.6,"[2,0,3,0,0]"
2557,10,6,0.625,"[4,0,1,0,1]"
2558,9,210,0.31627,"[30,0,179,0,1]"
2559,10,3,0.555556,"[2,0,1,0,0]"
2560,10,207,0.302808,"[28,0,178,0,1]"
2561,11,15,0.688889,"[8,0,6,0,1]"
2562,12,9,0.432099,"[7,0,2,0,0]"
2563,12,6,0.625,"[1,0,4,0,1]"
2564,11,192,0.23329,"[20,0,172,0,0]"
2565,12,191,0.223952,"[19,0,172,0,0]"
2566,13,190,0.214404,"[18,0,172,0,0]"
2567,14,186,0.196555,"[16,0,170,0,0]"
2568,15,1,0,"[1,0,0,0,0]"
2569,15,185,0.186267,"[15,0,170,0,0]"
2570,16,183,0.176625,"[14,0,169,0,0]"
2571,17,1,0,"[1,0,0,0,0]"
2572,17,182,0.165816,"[13,0,169,0,0]"
2573,18,179,0.14419,"[11,0,168,0,0]"
2574,19,127,0.19778,"[11,0,116,0,0]"
2575,20,59,0.0416547,"[1,0,58,0,0]"
2576,21,58,0,"[0,0,58,0,0]"
2577,21,1,0,"[1,0,0,0,0]"
2578,20,68,0.313581,"[10,0,58,0,0]"
2579,21,39,0.177515,"[3,0,36,0,0]"
2580,22,36,0.0675155,"[1,0,35,0,0]"
2581,23,29,0,"[0,0,29,0,0]"
2582,23,7,0.306122,"[1,0,6,0,0]"
2583,22,3,0.555556,"[2,0,1,0,0]"
2584,21,29,0.457788,"[7,0,22,0,0]"
2585,22,5,0,"[0,0,5,0,0]"
2586,22,24,0.516493,"[7,0,17,0,0]"
2587,23,22,0.43905,"[5,0,17,0,0]"
2588,24,19,0.235457,"[2,0,17,0,0]"
2589,25,2,0.625,"[1,0,1,0,0]"
2590,25,17,0.138408,"[1,0,16,0,0]"
2591,26,16,0,"[0,0,16,0,0]"
2592,26,1,0,"[1,0,0,0,0]"
2593,24,3,0,"[3,0,0,0,0]"
2594,23,2,0,"[2,0,0,0,0]"
2595,19,52,0,"[0,0,52,0,0]"
2596,18,3,0.555556,"[2,0,1,0,0]"
2597,16,2,0.625,"[1,0,1,0,0]"
2598,14,4,0.625,"[2,0,2,0,0]"
2599,13,1,0,"[1,0,0,0,0]"
2600,12,1,0,"[1,0,0,0,0]"
2601,7,33,0.624426,"[17,0,16,0,0]"
2602,8,12,0.347222,"[2,0,10,0,0]"
2603,9,4,0.625,"[2,0,2,0,0]"
2604,9,8,0,"[0,0,8,0,0]"
2605,8,21,0.510204,"[15,0,6,0,0]"
2606,9,8,0,"[8,0,0,0,0]"
2607,9,13,0.621302,"[7,0,6,0,0]"
2608,10,3,0,"[0,0,3,0,0]"
2609,10,10,0.525,"[7,0,3,0,0]"
2610,6,114,0.669822,"[69,3,35,1,6]"
2611,7,44,0.728306,"[19,1,21,1,2]"
2612,8,11,0.53719,"[8,0,2,0,1]"
2613,9,7,0.306122,"[6,0,0,0,1]"
2614,9,4,0.625,"[2,0,2,0,0]"
2615,8,33,0.693297,"[11,1,19,1,1]"
2616,9,16,0.498047,"[3,0,12,1,0]"
2617,10,5,0,"[0,0,5,0,0]"
2618,10,11,0.640496,"[3,0,7,1,0]"
2619,11,6,0.347222,"[0,0,5,1,0]"
2620,11,5,0.6,"[3,0,2,0,0]"
2621,9,17,0.752595,"[8,1,7,0,1]"
2622,10,15,0.766667,"[6,1,7,0,1]"
2623,11,10,0.525,"[3,0,7,0,0]"
2624,11,5,0.7,"[3,1,0,0,1]"
2625,10,2,0,"[2,0,0,0,0]"
2626,7,70,0.557143,"[50,2,14,0,4]"
2627,8,68,0.523897,"[50,1,13,0,4]"
2628,9,15,0.622222,"[8,0,7,0,0]"
2629,10,11,0.578512,"[7,0,4,0,0]"
2630,11,1,0,"[0,0,1,0,0]"
2631,11,10,0.525,"[7,0,3,0,0]"
2632,10,4,0.46875,"[1,0,3,0,0]"
2633,9,53,0.441438,"[42,1,6,0,4]"
2634,10,52,0.415126,"[42,1,5,0,4]"
2635,11,16,0.751953,"[9,1,2,0,4]"
2636,12,7,0.867347,"[3,1,2,0,1]"
2637,12,9,0.555556,"[6,0,0,0,3]"
2638,11,36,0.190972,"[33,0,3,0,0]"
2639,12,22,0.294421,"[19,0,3,0,0]"
2640,13,5,0.6,"[3,0,2,0,0]"
2641,13,17,0.138408,"[16,0,1,0,0]"
2642,14,8,0.273438,"[7,0,1,0,0]"
2643,14,9,0,"[9,0,0,0,0]"
2644,12,14,0,"[14,0,0,0,0]"
2645,10,1,0,"[0,0,1,0,0]"
2646,8,2,0.625,"[0,1,1,0,0]"
2647,2,1413,0.857167,"[563,524,94,125,107]"
2648,3,1293,0.843161,"[513,503,54,121,102]"
2649,4,1075,0.865361,"[374,436,51,115,99]"
2650,5,443,0.740195,"[232,159,15,22,15]"
2651,6,5,0,"[0,5,0,0,0]"
2652,6,438,0.738686,"[232,154,15,22,15]"
2653,7,390,0.701792,"[222,130,13,17,8]"
2654,8,8,0,"[0,8,0,0,0]"
2655,8,382,0.695859,"[222,122,13,17,8]"
2656,9,321,0.658379,"[204,82,13,14,8]"
2657,10,134,0.699488,"[36,80,0,14,4]"
2658,11,131,0.689062,"[33,80,0,14,4]"
2659,12,126,0.70468,"[33,75,0,14,4]"
2660,13,103,0.66076,"[23,66,0,10,4]"
2661,14,99,0.631058,"[20,66,0,9,4]"
2662,15,89,0.578525,"[14,63,0,9,3]"
2663,16,82,0.484459,"[8,63,0,9,2]"
2664,17,8,0.664062,"[1,2,0,5,0]"
2665,17,74,0.384861,"[7,61,0,4,2]"
2666,18,60,0.336806,"[4,51,0,3,2]"
2667,19,57,0.281625,"[2,50,0,3,2]"
2668,20,55,0.212397,"[1,50,0,3,1]"
2669,21,16,0,"[0,16,0,0,0]"
2670,21,39,0.290927,"[1,34,0,3,1]"
2671,22,2,0.625,"[0,1,0,1,0]"
2672,22,37,0.250183,"[1,33,0,2,1]"
2673,23,36,0.19483,"[0,33,0,2,1]"
2674,24,1,0,"[0,0,0,1,0]"
2675,24,35,0.136735,"[0,33,0,1,1]"
2676,25,1,0,"[0,0,0,1,0]"
2677,25,34,0.0713667,"[0,33,0,0,1]"
2678,26,17,0.138408,"[0,16,0,0,1]"
2679,27,11,0,"[0,11,0,0,0]"
2680,27,6,0.347222,"[0,5,0,0,1]"
2681,26,17,0,"[0,17,0,0,0]"
2682,23,1,0,"[1,0,0,0,0]"
2683,20,2,0.625,"[1,0,0,0,1]"
2684,19,3,0.555556,"[2,1,0,0,0]"
2685,18,14,0.548469,"[3,10,0,1,0]"
2686,19,4,0,"[0,4,0,0,0]"
2687,19,10,0.675,"[3,6,0,1,0]"
2688,16,7,0.306122,"[6,0,0,0,1]"
2689,15,10,0.675,"[6,3,0,0,1]"
2690,14,4,0.46875,"[3,0,0,1,0]"
2691,13,23,0.784499,"[10,9,0,4,0]"
2692,14,9,0.740741,"[1,4,0,4,0]"
2693,14,14,0.573979,"[9,5,0,0,0]"
2694,15,6,0,"[6,0,0,0,0]"
2695,15,8,0.585938,"[3,5,0,0,0]"
2696,12,5,0,"[0,5,0,0,0]"
2697,11,3,0,"[3,0,0,0,0]"
2698,10,187,0.23435,"[168,2,13,0,4]"
2699,11,110,0.322934,"[94,1,11,0,4]"
2700,12,17,0,"[17,0,0,0,0]"
2701,12,93,0.373165,"[77,1,11,0,4]"
2702,13,1,0,"[0,0,0,0,1]"
2703,13,92,0.355033,"[77,1,11,0,3]"
2704,14,9,0.709876,"[5,1,3,0,0]"
2705,14,83,0.296124,"[72,0,8,0,3]"
2706,15,25,0,"[25,0,0,0,0]"
2707,15,58,0.402051,"[47,0,8,0,3]"
2708,16,31,0.288762,"[27,0,3,0,1]"
2709,17,9,0,"[9,0,0,0,0]"
2710,17,22,0.387397,"[18,0,3,0,1]"
2711,18,14,0.318877,"[12,0,1,0,1]"
2712,19,2,0.625,"[1,0,1,0,0]"
2713,19,12,0.190972,"[11,0,0,0,1]"
2714,20,5,0.4,"[4,0,0,0,1]"
2715,20,7,0,"[7,0,0,0,0]"
2716,18,8,0.46875,"[6,0,2,0,0]"
2717,16,27,0.514403,"[20,0,5,0,2]"
2718,17,6,0.833333,"[2,0,2,0,2]"
2719,17,21,0.306122,"[18,0,3,0,0]"
2720,18,7,0.612245,"[4,0,3,0,0]"
2721,18,14,0,"[14,0,0,0,0]"
2722,11,77,0.094451,"[74,1,2,0,0]"
2723,12,74,0.0661979,"[72,1,1,0,0]"
2724,13,73,0.0337775,"[72,1,0,0,0]"
2725,14,64,0,"[64,0,0,0,0]"
2726,14,9,0.246914,"[8,1,0,0,0]"
2727,13,1,0,"[0,0,1,0,0]"
2728,12,3,0.555556,"[2,0,1,0,0]"
2729,9,61,0.600645,"[18,40,0,3,0]"
2730,10,40,0.33125,"[4,34,0,2,0]"
2731,11,4,0.78125,"[1,2,0,1,0]"
2732,11,36,0.252701,"[3,32,0,1,0]"
2733,12,19,0.124654,"[1,18,0,0,0]"
2734,13,10,0.225,"[1,9,0,0,0]"
2735,13,9,0,"[0,9,0,0,0]"
2736,12,17,0.380623,"[2,14,0,1,0]"
2737,13,15,0.155555,"[0,14,0,1,0]"
2738,14,12,0,"[0,12,0,0,0]"
2739,14,3,0.555556,"[0,2,0,1,0]"
2740,13,2,0,"[2,0,0,0,0]"
2741,10,21,0.589569,"[14,6,0,1,0]"
2742,11,20,0.55625,"[14,5,0,1,0]"
2743,12,6,0.763889,"[2,3,0,1,0]"
2744,12,14,0.306122,"[12,2,0,0,0]"
2745,13,2,0.625,"[1,1,0,0,0]"
2746,13,12,0.190972,"[11,1,0,0,0]"
2747,14,2,0.625,"[1,1,0,0,0]"
2748,14,10,0,"[10,0,0,0,0]"
2749,11,1,0,"[0,1,0,0,0]"
2750,7,48,0.840929,"[10,24,2,5,7]"
2751,8,29,0.906659,"[3,12,2,5,7]"
2752,9,28,0.889668,"[2,12,2,5,7]"
2753,10,5,0.7,"[1,1,0,0,3]"
2754,10,23,0.855388,"[1,11,2,5,4]"
2755,11,16,0.693359,"[0,10,1,3,2]"
2756,12,12,0.503472,"[0,9,1,0,2]"
2757,13,11,0.371901,"[0,9,0,0,2]"
2758,14,3,0.555556,"[0,2,0,0,1]"
2759,14,8,0.273438,"[0,7,0,0,1]"
2760,13,1,0,"[0,0,1,0,0]"
2761,12,4,0.46875,"[0,1,0,3,0]"
2762,11,7,0.969388,"[1,1,1,2,2]"
2763,9,1,0,"[1,0,0,0,0]"
2764,8,19,0.581717,"[7,12,0,0,0]"
2765,9,14,0.510204,"[4,10,0,0,0]"
2766,10,12,0.347222,"[2,10,0,0,0]"
2767,11,10,0,"[0,10,0,0,0]"
2768,11,2,0,"[2,0,0,0,0]"
2769,10,2,0,"[2,0,0,0,0]"
2770,9,5,0.6,"[3,2,0,0,0]"
2771,5,632,0.893568,"[142,277,36,93,84]"
2772,6,113,0.959159,"[35,27,7,22,22]"
2773,7,69,0.937303,"[6,20,5,21,17]"
2774,8,51,0.885236,"[4,18,3,19,7]"
2775,9,18,0.717593,"[0,10,1,6,1]"
2776,10,1,0,"[0,0,0,0,1]"
2777,10,17,0.657439,"[0,10,1,6,0]"
2778,11,15,0.688889,"[0,8,1,6,0]"
2779,12,5,0.4,"[0,4,0,1,0]"
2780,12,10,0.725,"[0,4,1,5,0]"
2781,11,2,0,"[0,2,0,0,0]"
2782,9,33,0.918274,"[4,8,2,13,6]"
2783,10,30,0.869444,"[1,8,2,13,6]"
2784,11,5,0.9,"[1,1,1,0,2]"
2785,11,25,0.78,"[0,7,1,13,4]"
2786,12,23,0.751418,"[0,5,1,13,4]"
2787,13,2,0,"[0,2,0,0,0]"
2788,13,21,0.697279,"[0,3,1,13,4]"
2789,14,14,0.854592,"[0,3,1,6,4]"
2790,15,11,0.847107,"[0,3,1,5,2]"
2791,16,4,0,"[0,0,0,4,0]"
2792,16,7,0.867347,"[0,3,1,1,2]"
2793,15,3,0.555556,"[0,0,0,1,2]"
2794,14,7,0,"[0,0,0,7,0]"
2795,12,2,0,"[0,2,0,0,0]"
2796,10,3,0,"[3,0,0,0,0]"
2797,8,18,0.802469,"[2,2,2,2,10]"
2798,9,13,0.606509,"[1,2,1,0,9]"
2799,10,9,0.246914,"[0,1,0,0,8]"
2800,10,4,0.9375,"[1,1,1,0,1]"
2801,9,5,0.9,"[1,0,1,2,1]"
2802,7,44,0.655992,"[29,7,2,1,5]"
2803,8,26,0.484468,"[20,2,0,1,3]"
2804,9,14,0.752551,"[8,2,0,1,3]"
2805,10,6,0.763889,"[2,0,0,1,3]"
2806,10,8,0.46875,"[6,2,0,0,0]"
2807,9,12,0,"[12,0,0,0,0]"
2808,8,18,0.810185,"[9,5,2,0,2]"
2809,9,4,0.78125,"[1,0,2,0,1]"
2810,9,14,0.67602,"[8,5,0,0,1]"
2811,10,8,0.664062,"[2,5,0,0,1]"
2812,10,6,0,"[6,0,0,0,0]"
2813,6,519,0.861697,"[107,250,29,71,62]"
2814,7,417,0.794343,"[48,231,17,68,53]"
2815,8,233,0.847271,"[21,115,13,50,34]"
2816,9,140,0.878061,"[11,62,7,33,27]"
2817,10,2,0.625,"[1,0,1,0,0]"
2818,10,138,0.869434,"[10,62,6,33,27]"
2819,11,133,0.875544,"[9,58,6,33,27]"
2820,12,98,0.869169,"[7,42,4,29,16]"
2821,13,61,0.864015,"[3,21,1,23,13]"
2822,14,54,0.805041,"[2,21,0,23,8]"
2823,15,39,0.780736,"[1,11,0,20,7]"
2824,16,36,0.754244,"[1,8,0,20,7]"
2825,17,31,0.731009,"[1,5,0,18,7]"
2826,18,29,0.692628,"[1,5,0,18,5]"
2827,19,19,0.124654,"[0,1,0,18,0]"
2828,20,18,0,"[0,0,0,18,0]"
2829,20,1,0,"[0,1,0,0,0]"
2830,19,10,0.725,"[1,4,0,0,5]"
2831,18,2,0,"[0,0,0,0,2]"
2832,17,5,0.6,"[0,3,0,2,0]"
2833,16,3,0,"[0,3,0,0,0]"
2834,15,15,0.633333,"[1,10,0,3,1]"
2835,16,11,0.764463,"[1,6,0,3,1]"
2836,17,9,0.555556,"[0,6,0,3,0]"
2837,17,2,0.625,"[1,0,0,0,1]"
2838,16,4,0,"[0,4,0,0,0]"
2839,14,7,0.561225,"[1,0,1,0,5]"
2840,13,37,0.783418,"[4,21,3,6,3]"
2841,14,25,0.684,"[3,16,3,0,3]"
2842,15,19,0.34626,"[1,16,0,0,2]"
2843,16,16,0.273438,"[0,14,0,0,2]"
2844,17,2,0.625,"[0,1,0,0,1]"
2845,17,14,0.165816,"[0,13,0,0,1]"
2846,18,3,0.555556,"[0,2,0,0,1]"
2847,18,11,0,"[0,11,0,0,0]"
2848,16,3,0.555556,"[1,2,0,0,0]"
2849,15,6,0.763889,"[2,0,3,0,1]"
2850,14,12,0.711806,"[1,5,0,6,0]"
2851,15,5,0.4,"[0,4,0,1,0]"
2852,15,7,0.561225,"[1,1,0,5,0]"
2853,12,35,0.840816,"[2,16,2,4,11]"
2854,13,13,0.340237,"[0,11,0,1,1]"
2855,14,10,0.225,"[0,9,0,1,0]"
2856,14,3,0.555556,"[0,2,0,0,1]"
2857,13,22,0.883264,"[2,5,2,3,10]"
2858,14,19,0.934903,"[2,5,2,3,7]"
2859,15,11,0.743802,"[0,2,0,3,6]"
2860,16,4,0,"[0,0,0,0,4]"
2861,16,7,0.816326,"[0,2,0,3,2]"
2862,15,8,0.898438,"[2,3,2,0,1]"
2863,14,3,0,"[0,0,0,0,3]"
2864,11,5,0.4,"[1,4,0,0,0]"
2865,9,93,0.775523,"[10,53,6,17,7]"
2866,10,15,0.288889,"[0,13,0,2,0]"
2867,11,8,0.46875,"[0,6,0,2,0]"
2868,11,7,0,"[0,7,0,0,0]"
2869,10,78,0.837032,"[10,40,6,15,7]"
2870,11,25,0.96,"[5,8,2,6,4]"
2871,12,14,0.612245,"[0,8,0,6,0]"
2872,13,2,0,"[0,0,0,2,0]"
2873,13,12,0.555556,"[0,8,0,4,0]"
2874,14,2,0,"[0,2,0,0,0]"
2875,14,10,0.6,"[0,6,0,4,0]"
2876,12,11,0.785124,"[5,0,2,0,4]"
2877,13,9,0.617284,"[5,0,0,0,4]"
2878,13,2,0,"[0,0,2,0,0]"
2879,11,53,0.736027,"[5,32,4,9,3]"
2880,12,7,0.714286,"[1,0,4,0,2]"
2881,12,46,0.587193,"[4,32,0,9,1]"
2882,13,5,0.7,"[0,1,0,3,1]"
2883,13,41,0.496728,"[4,31,0,6,0]"
2884,14,32,0.344238,"[2,27,0,3,0]"
2885,15,31,0.288762,"[1,27,0,3,0]"
2886,16,1,0,"[1,0,0,0,0]"
2887,16,30,0.225,"[0,27,0,3,0]"
2888,17,10,0.525,"[0,7,0,3,0]"
2889,17,20,0,"[0,20,0,0,0]"
2890,15,1,0,"[1,0,0,0,0]"
2891,14,9,0.802469,"[2,4,0,3,0]"
2892,8,184,0.700393,"[27,116,4,18,19]"
2893,9,140,0.741454,"[17,84,4,17,18]"
2894,10,48,0.422092,"[1,38,0,9,0]"
2895,11,2,0,"[0,0,0,2,0]"
2896,11,46,0.367438,"[1,38,0,7,0]"
2897,12,21,0.21542,"[0,19,0,2,0]"
2898,13,11,0.371901,"[0,9,0,2,0]"
2899,14,5,0.6,"[0,3,0,2,0]"
2900,14,6,0,"[0,6,0,0,0]"
2901,13,10,0,"[0,10,0,0,0]"
2902,12,25,0.476,"[1,19,0,5,0]"
2903,13,1,0,"[0,0,0,1,0]"
2904,13,24,0.429687,"[1,19,0,4,0]"
2905,14,3,0,"[0,3,0,0,0]"
2906,14,21,0.47619,"[1,16,0,4,0]"
2907,15,14,0.510204,"[0,10,0,4,0]"
2908,16,10,0.225,"[0,9,0,1,0]"
2909,16,4,0.46875,"[0,1,0,3,0]"
2910,15,7,0.306122,"[1,6,0,0,0]"
2911,10,92,0.840028,"[16,46,4,8,18]"
2912,11,1,0,"[0,0,0,1,0]"
2913,11,91,0.833233,"[16,46,4,7,18]"
2914,12,9,0.709876,"[0,5,3,0,1]"
2915,12,82,0.826889,"[16,41,1,7,17]"
2916,13,61,0.886187,"[14,25,1,6,15]"
2917,14,23,0.935728,"[7,7,1,5,3]"
2918,15,11,0.785124,"[0,4,0,5,2]"
2919,16,8,0.78125,"[0,4,0,2,2]"
2920,16,3,0,"[0,0,0,3,0]"
2921,15,12,0.729167,"[7,3,1,0,1]"
2922,16,10,0.6,"[7,1,1,0,1]"
2923,16,2,0,"[0,2,0,0,0]"
2924,14,38,0.801593,"[7,18,0,1,12]"
2925,15,14,0.446428,"[2,1,0,0,11]"
2926,16,8,0.664062,"[2,1,0,0,5]"
2927,16,6,0,"[0,0,0,0,6]"
2928,15,24,0.564236,"[5,17,0,1,1]"
2929,16,12,0.347222,"[2,10,0,0,0]"
2930,17,5,0,"[0,5,0,0,0]"
2931,17,7,0.510204,"[2,5,0,0,0]"
2932,16,12,0.729167,"[3,7,0,1,1]"
2933,17,10,0.6,"[1,7,0,1,1]"
2934,17,2,0,"[2,0,0,0,0]"
2935,13,21,0.498866,"[2,16,0,1,2]"
2936,14,18,0.362654,"[2,15,0,1,0]"
2937,15,15,0.288889,"[2,13,0,0,0]"
2938,16,6,0.555556,"[2,4,0,0,0]"
2939,16,9,0,"[0,9,0,0,0]"
2940,15,3,0.555556,"[0,2,0,1,0]"
2941,14,3,0.555556,"[0,1,0,0,2]"
2942,9,44,0.522985,"[10,32,0,1,1]"
2943,10,12,0.798611,"[5,5,0,1,1]"
2944,11,8,0.703125,"[1,5,0,1,1]"
2945,11,4,0,"[4,0,0,0,0]"
2946,10,32,0.32959,"[5,27,0,0,0]"
2947,11,20,0.11875,"[1,19,0,0,0]"
2948,12,15,0,"[0,15,0,0,0]"
2949,12,5,0.4,"[1,4,0,0,0]"
2950,11,12,0.555556,"[4,8,0,0,0]"
2951,12,11,0.495868,"[3,8,0,0,0]"
2952,13,2,0,"[0,2,0,0,0]"
2953,13,9,0.555556,"[3,6,0,0,0]"
2954,12,1,0,"[1,0,0,0,0]"
2955,7,102,0.760285,"[59,19,12,3,9]"
2956,8,35,0.863265,"[16,8,7,1,3]"
2957,9,11,0.681818,"[7,2,1,0,1]"
2958,10,1,0,"[0,1,0,0,0]"
2959,10,10,0.6,"[7,1,1,0,1]"
2960,9,24,0.907118,"[9,6,6,1,2]"
2961,10,20,0.85625,"[9,4,5,0,2]"
2962,11,10,0.875,"[2,4,3,0,1]"
2963,11,10,0.575,"[7,0,2,0,1]"
2964,10,4,0.78125,"[0,2,1,1,0]"
2965,8,67,0.683337,"[43,11,5,2,6]"
2966,9,3,0.833333,"[1,0,1,0,1]"
2967,9,64,0.661011,"[42,11,4,2,5]"
2968,10,31,0.772633,"[17,8,3,1,2]"
2969,11,12,0.677083,"[4,7,0,1,0]"
2970,12,6,0.347222,"[1,5,0,0,0]"
2971,12,6,0.763889,"[3,2,0,1,0]"
2972,11,19,0.616343,"[13,1,3,0,2]"
2973,12,4,0.46875,"[1,0,3,0,0]"
2974,12,15,0.422222,"[12,1,0,0,2]"
2975,13,1,0,"[0,1,0,0,0]"
2976,13,14,0.306122,"[12,0,0,0,2]"
2977,14,6,0,"[6,0,0,0,0]"
2978,14,8,0.46875,"[6,0,0,0,2]"
2979,10,33,0.509642,"[25,3,1,1,3]"
2980,11,27,0.325789,"[23,0,1,0,3]"
2981,12,5,0.8,"[2,0,1,0,2]"
2982,12,22,0.108471,"[21,0,0,0,1]"
2983,13,4,0.46875,"[3,0,0,0,1]"
2984,13,18,0,"[18,0,0,0,0]"
2985,11,6,0.763889,"[2,3,0,1,0]"
2986,4,218,0.622317,"[139,67,3,6,3]"
2987,5,91,0.411182,"[73,15,1,1,1]"
2988,6,41,0.11749,"[39,1,1,0,0]"
2989,7,21,0.221088,"[19,1,1,0,0]"
2990,8,3,0.555556,"[2,0,1,0,0]"
2991,8,18,0.131173,"[17,1,0,0,0]"
2992,9,16,0,"[16,0,0,0,0]"
2993,9,2,0.625,"[1,1,0,0,0]"
2994,7,20,0,"[20,0,0,0,0]"
2995,6,50,0.573,"[34,14,0,1,1]"
2996,7,4,0.46875,"[1,3,0,0,0]"
2997,7,46,0.534026,"[33,11,0,1,1]"
2998,8,7,0.867347,"[2,3,0,1,1]"
2999,8,39,0.407626,"[31,8,0,0,0]"
3000,9,31,0.478668,"[23,8,0,0,0]"
3001,10,7,0.612245,"[4,3,0,0,0]"
3002,10,24,0.412326,"[19,5,0,0,0]"
3003,11,5,0.4,"[1,4,0,0,0]"
3004,11,19,0.124654,"[18,1,0,0,0]"
3005,12,17,0,"[17,0,0,0,0]"
3006,12,2,0.625,"[1,1,0,0,0]"
3007,9,8,0,"[8,0,0,0,0]"
3008,5,127,0.700291,"[66,52,2,5,2]"
3009,6,40,0.554687,"[6,29,0,3,2]"
3010,7,3,0.555556,"[1,0,0,2,0]"
3011,7,37,0.454711,"[5,29,0,1,2]"
3012,8,20,0.575,"[4,14,0,0,2]"
3013,9,14,0.446429,"[2,11,0,0,1]"
3014,10,13,0.340237,"[1,11,0,0,1]"
3015,11,3,0.555556,"[0,2,0,0,1]"
3016,11,10,0.225,"[1,9,0,0,0]"
3017,10,1,0,"[1,0,0,0,0]"
3018,9,6,0.763889,"[2,3,0,0,1]"
3019,8,17,0.268166,"[1,15,0,1,0]"
3020,9,4,0.46875,"[0,3,0,1,0]"
3021,9,13,0.177515,"[1,12,0,0,0]"
3022,10,11,0,"[0,11,0,0,0]"
3023,10,2,0.625,"[1,1,0,0,0]"
3024,6,87,0.566786,"[60,23,2,2,0]"
3025,7,23,0.198488,"[21,2,0,0,0]"
3026,8,9,0.432099,"[7,2,0,0,0]"
3027,8,14,0,"[14,0,0,0,0]"
3028,7,64,0.648804,"[39,21,2,2,0]"
3029,8,62,0.635406,"[39,19,2,2,0]"
3030,9,6,0,"[6,0,0,0,0]"
3031,9,56,0.668846,"[33,19,2,2,0]"
3032,10,8,0.273438,"[0,7,0,1,0]"
3033,10,48,0.578342,"[33,12,2,1,0]"
3034,11,20,0.23125,"[18,1,1,0,0]"
3035,12,18,0.131173,"[17,0,1,0,0]"
3036,13,3,0.555556,"[2,0,1,0,0]"
3037,13,15,0,"[15,0,0,0,0]"
3038,12,2,0.625,"[1,1,0,0,0]"
3039,11,28,0.695153,"[15,11,1,1,0]"
3040,12,11,0.681818,"[2,7,1,1,0]"
3041,13,2,0.625,"[1,0,1,0,0]"
3042,13,9,0.462963,"[1,7,0,1,0]"
3043,12,17,0.449827,"[13,4,0,0,0]"
3044,13,1,0,"[0,1,0,0,0]"
3045,13,16,0.380859,"[13,3,0,0,0]"
3046,14,9,0.555556,"[6,3,0,0,0]"
3047,14,7,0,"[7,0,0,0,0]"
3048,8,2,0,"[0,2,0,0,0]"
3049,3,120,0.852257,"[50,21,40,4,5]"
3050,4,32,0.644531,"[7,2,21,1,1]"
3051,5,10,0.925,"[4,2,2,1,1]"
3052,5,22,0.294421,"[3,0,19,0,0]"
3053,6,14,0.420918,"[3,0,11,0,0]"
3054,7,9,0.555556,"[3,0,6,0,0]"
3055,7,5,0,"[0,0,5,0,0]"
3056,6,8,0,"[0,0,8,0,0]"
3057,4,88,0.830966,"[43,19,19,3,4]"
3058,5,69,0.872191,"[29,18,16,3,3]"
3059,6,62,0.8936,"[23,18,15,3,3]"
3060,7,59,0.891985,"[23,15,15,3,3]"
3061,8,11,0.619835,"[6,5,0,0,0]"
3062,9,4,0,"[4,0,0,0,0]"
3063,9,7,0.510204,"[2,5,0,0,0]"
3064,8,48,0.907118,"[17,10,15,3,3]"
3065,9,27,0.932785,"[6,6,10,2,3]"
3066,10,15,0.622222,"[2,0,10,0,3]"
3067,11,3,0.555556,"[1,0,0,0,2]"
3068,11,12,0.364583,"[1,0,10,0,1]"
3069,12,5,0.7,"[1,0,3,0,1]"
3070,12,7,0,"[0,0,7,0,0]"
3071,10,12,0.763889,"[4,6,0,2,0]"
3072,11,8,0.46875,"[0,6,0,2,0]"
3073,11,4,0,"[4,0,0,0,0]"
3074,9,21,0.787982,"[11,4,5,1,0]"
3075,10,16,0.576172,"[11,4,0,1,0]"
3076,11,2,0.625,"[0,1,0,1,0]"
3077,11,14,0.420918,"[11,3,0,0,0]"
3078,12,9,0,"[9,0,0,0,0]"
3079,12,5,0.6,"[2,3,0,0,0]"
3080,10,5,0,"[0,0,5,0,0]"
3081,7,3,0,"[0,3,0,0,0]"
3082,6,7,0.306122,"[6,0,1,0,0]"
3083,5,19,0.533241,"[14,1,3,0,1]"
3084,6,18,0.470679,"[14,1,2,0,1]"
3085,7,4,0.78125,"[1,0,2,0,1]"
3086,7,14,0.165816,"[13,1,0,0,0]"
3087,8,11,0,"[11,0,0,0,0]"
3088,8,3,0.555556,"[2,1,0,0,0]"
3089,6,1,0,"[0,0,1,0,0]"
3090,1,106,0.0462797,"[104,0,2,0,0]"
3091,2,62,0.0780438,"[60,0,2,0,0]"
3092,3,45,0.106173,"[43,0,2,0,0]"
3093,4,36,0.131173,"[34,0,2,0,0]"
3094,5,21,0.21542,"[19,0,2,0,0]"
3095,6,17,0.138408,"[16,0,1,0,0]"
3096,7,10,0,"[10,0,0,0,0]"
3097,7,7,0.306122,"[6,0,1,0,0]"
3098,6,4,0.46875,"[3,0,1,0,0]"
3099,5,15,0,"[15,0,0,0,0]"
3100,4,9,0,"[9,0,0,0,0]"
3101,3,17,0,"[17,0,0,0,0]"
3102,2,44,0,"[44,0,0,0,0]"
